school_name,school_abrv,school_nickname,street_address,city,state,zip_code,ncaa_member_since,hbcu_status,public_private_status,head_coach,division,conference
Abilene Christian University,ACU,Wildcats/ ACU Wildcats,1600 Campus Ct.,Abilene,TX,79699,9/1/1981,No,Private,Rick McCarty,I,Western Athletic Conference
Adelphi University,AU,Panthers,1 South Ave,Garden City,NY,11530,9/1/1951,No,Private,Bill Ianniciello,II,Northeast-10 Conference
Adrian College,AC,Bulldogs,110 S. Madison St.,Adrian,MI,49221,9/1/1963,No,Private,Craig Rainey,III,Michigan Intercol. Ath. Assn.
University of Akron,UA,Zips,302 Buchtel Common,Akron,OH,44325,9/1/1951,No,Public,Vacant,I,Mid-American Conference
Alabama A&M University,AAMU,Bulldogs,4900 Meridian St,Normal,AL,35762,9/1/1951,Yes,Public,Elliott Jones,I,Southwestern Athletic Conf.
Alabama State University,ASU,Hornets,915 S. Jackson St.,P. O. Box 271,Montgomery,AL,9/1/1977,Yes,Public,Jose Vazquez,I,Southwestern Athletic Conf.
University of Alabama,UA,Crimson Tide,739 University Blvd,Tuscaloosa,AL,35487,9/1/1936,No,Public,Rob Vaughn,I,Southeastern Conference
University of Alabama at Birmingham,UAB,Blazers,1720 University Blvd,Birmingham,AL,35294,9/1/1979,No,Public,Casey Dunn,I,Conference USA
University of Alabama in Huntsville,UAH,Chargers,301 Sparkman Drive,Huntsville,AL,35899,9/1/1986,No,Public,Hunter Royer,II,Gulf South Conference
Albany State University,Georgia,Golden Rams,504 College Drive,Albany,GA,31705,9/1/1968,Yes,Public,Brandon Hemmings,II,Southern Intercol. Ath. Conf.
University at Albany,UA,Great Danes,1400 Washington Ave,Albany,NY,12222,9/1/1962,No,Public,Jon Mueller,I,America East Conference
Albright College,ALB,Lions,1621 N. 13th Street,Reading,PA,19612-5234,9/1/1952,No,Private,Justin Perry,III,Middle Atlantic Conference Commonwealth
Alcorn State University,ASU,Braves,1000 Asu Dr,Lorman,MS,39096,9/1/1965,Yes,Public,REGINALD WILLIAMS,I,Southwestern Athletic Conf.
DeSales University,DSU,Bulldogs,2755 Station Avenue,Center Valley,PA,18034-9568,9/1/1972,No,Private,Tim Neiman,III,Middle Atlantic Conference Freedom
American International College,AIC,Yellow Jackets,1000 State Street - Box 4B,Springfield,MA,1109,9/1/1938,No,Private,Nick Callini,II,Northeast-10 Conference
Amherst College,AMH,Mammoths,220 S Pleasant St,Amherst,MA,1002,9/1/1906,No,Private,J.P. Pyne,III,New England Small College Athletic Conference
Angelo State University,ASU,"Rams, Rambelles",2601 W. Ave N,San Angelo,TX,76909,9/1/1981,No,Public,Kevin Brooks,II,Lone Star Conference
Appalachian State University,ASU,Mountaineers,287 Rivers St.,Boone,NC,28608,9/1/1971,No,Public,Kermit Smith,I,Sun Belt Conference
Arizona State University,ASU,Sun Devils,ASU Athletics,University Drive and Mill Avenue,Tempe,AZ,9/1/1946,No,Public,Willie Bloomquist,I,Pac-12 Conference
University of Arizona,UA,Wildcats,1401 E. University,Tucson,AZ,85721,9/1/1936,No,Public,Chip Hale,I,Pac-12 Conference
Arkansas State University,ASU,Red Wolves,2105 E. Aggie Road,Jonesboro,AR,72401,9/1/1952,No,Public,Tommy Raffo,I,Sun Belt Conference
"University of Arkansas, Fayetteville",UARK,Razorbacks,1 University of Arkansas,Fayetteville,AR,72701,9/1/1939,No,Public,Dave Van Horn,I,Southeastern Conference
University of Arkansas at Little Rock,UALR,Trojans,2801 South University Avenue,Little Rock,AR,72204,9/1/1975,No,Public,Chris Curry,I,Ohio Valley Conference
Ashland University,AU,Eagles,401 College Avenue,Ashland,OH,44805,9/1/1939,No,Private,John Schaly,II,Great Midwest Athletic Conference
Assumption University,ASM,Greyhounds,500 Salisbury St.,Worcester,MA,1609,9/1/1959,No,Private,Mike Rocco,II,Northeast-10 Conference
Auburn University,AU,Tigers,392 South Donahue Drive,Auburn,AL,36849,9/1/1910,No,Public,Butch Thompson,I,Southeastern Conference
Augustana College,Illinois,Vikings,639 38th Street,Rock Island,IL,61201-2296,9/1/1952,No,Private,Gregory D. Wallace,III,College Conference of Illinois & Wisconsin
Augustana University,South Dakota,Vikings,2001 S. Summit Avenue,Sioux Falls,SD,57197,9/1/1951,No,Private,Tim Huber,II,Northern Sun Intercollegiate Conference
Aurora University,AUR,Spartans,347 South Gladstone Avenue,Aurora,IL,60506,9/1/1979,No,Private,Adam Stevens,III,Northern Athletics Collegiate Conference
Austin Peay State University,APSU,Governors,601 College Street,Clarksville,TN,37044,9/1/1957,No,Public,Roland Fanning,I,ASUN Conference
Averett University,AU,Cougars,420 West Main Street,Danville,VA,24541,9/1/1976,No,Private,Kenny Fleming,III,Old Dominion Athletic Conf.
Babson College,BAB,Beavers,231 Forest St,Babson Park,MA,2457,9/1/1953,No,Private,Matt Noone,III,New England Women's and Men's Athletic Conference
Baldwin Wallace University,BW,Yellow Jackets,275 Eastland Road,Berea,OH,44017,9/1/1945,No,Private,Brian Harrison,III,Ohio Athletic Conference
Ball State University,BSU,Cardinals,2000 University Avenue,Muncie,IN,47306,9/1/1956,No,Public,Rich Maloney,I,Mid-American Conference
Charleston Southern University,CSU,Buccaneers/ Bucs,9200 University Blvd,Charleston,SC,29406,9/1/1971,No,Private,Marc MacMillan,I,Big South Conference
Barry University,BarryU,Buccaneers,11300 NE 2nd Ave,Miami Shores,FL,33161,9/1/1984,No,Private,Juan Ranero,II,Sunshine State Conference
Bates College,BAT,Bobcats,2 Andrews Road,Lewiston,ME,4240,9/1/1909,No,Private,Jon Martin,III,New England Small College Athletic Conference
Baylor University,BU,Bears,1311 S 5th St,Waco,TX,76706,9/1/1922,No,Private,Mitch Thompson,I,Big 12 Conference
Beloit College,BC,Buccaneers,700 College Street,Beloit,WI,53511-5595,9/1/1937,No,Private,Dave DeGeorge,III,Midwest Conference
Bemidji State University,BSU,Beavers,1500 Birchmont Dr. NE,Bemidji,MN,56601-2699,9/1/1979,No,Public,Matthew Ellinghuysen,II,Northern Sun Intercollegiate Conference
Benedict College,BC,"Tigers, Lady Tigers",1600 Harden Street,Columbia,SC,29204,9/1/1998,Yes,Private,Selwyn Young,II,Southern Intercol. Ath. Conf.
Bentley University,BEN,Falcons,175 Forest Street,Waltham,MA,2452,9/1/1967,No,Private,Michael Hill,II,Northeast-10 Conference
Baruch College,Baruch,Bearcats,1 Bernard Baruch Way,New York,NY,10010,9/1/1972,No,Public,Jose Torres,III,City University of New York Athletic Conference
Bethany College,West Virginia,Bison,31 East Campus Drive,Bethany,WV,26032,9/1/1970,No,Private,Justin Thomas,III,Presidents' Athletic Conference
Bethel University,Minnesota,Royals,3900 Bethel Drive,St. Paul,MN,55112-6999,9/1/1982,No,Private,Brian Raabe,III,Minnesota Intercollegiate Athletic Conference
Bethune-Cookman University,BCU,Wildcats,640 Dr. Mary McLeod Bethune Blvd.,Daytona Beach,FL,32114,9/1/1952,Yes,Private,Jonathan Hernandez,I,Southwestern Athletic Conf.
Binghamton University,BU,Bearcats,4400 Vestal Parkway East,Vestal,NY,13850,9/1/1968,No,Public,Tim Sinicki,I,America East Conference
Bloomsburg University of Pennsylvania,BU,Huskies,400 E. 2nd Street,Bloomsburg,PA,17815,9/1/1952,No,Public,Mike Collins,II,Pennsylvania State Athletic Conference
Boston College,BC,Eagles,140 Commonwealth Avenue,Chestnut Hill,MA,02467-3861,9/1/1921,No,Private,Michael Gambino,I,Atlantic Coast Conference
Bowdoin College,BOW,Polar Bears,225 Maine Street,Brunswick,ME,4011,9/1/1914,No,Private,Michael Connolly,III,New England Small College Athletic Conference
Bowling Green State University,BGSU,Falcons,1610 Stadium Drive,Bowling Green,OH,43403,9/1/1941,No,Public,Kyle Hallock,I,Mid-American Conference
Bradley University,BU,Braves,1501 West Bradley Avenue,Peoria,IL,61625,9/1/1926,No,Private,Elvis Dominguez,I,Missouri Valley Conference
University of Bridgeport,UB,Purple Knights,126 Park Avenue,Bridgeport,CT,6604,9/1/1955,No,Private,Joseph Tonelli,II,Central Atlantic Collegiate Conference
Bridgewater College,Virginia,Eagles,402 East College Street,Bridgewater,VA,22812-1599,9/1/1958,No,Private,Ben Spotts,III,Old Dominion Athletic Conf.
Bridgewater State University,BSU,Bears,131 Summer Street,Bridgewater,MA,2325,9/1/1960,No,Public,Greg Zackrison,III,Massachusetts State Collegiate Athletic Conference
Brigham Young University,BYU,Cougars/ Cougs,Main Campus,Provo,UT,84602,9/1/1939,No,Private,Trent Pratt,I,Big 12 Conference
Brown University,BU,Bears,1 Prospect St,Providence,RI,2912,9/1/1929,No,Private,Grant Achilles,I,The Ivy League
Bryant University,BU,Bulldogs,1150 Douglas Pike,Smithfield,RI,2917,9/1/1967,No,Private,Ryan Klosterman,I,America East Conference
Bucknell University,BU,Bison,1 Dent Dr1,Lewisburg,PA,17837,9/1/1950,No,Private,Scott Heather,I,Patriot League
Buena Vista University,BVU,Beavers,610 West 4th Street,Storm Lake,IA,50588-9990,9/1/1976,No,Private,Steve Eddie,III,American Rivers Conference
Butler University,BU,Bulldogs,4600 Sunset Avenue,Indianapolis,IN,46208,9/1/1923,No,Private,Blake Beemer,I,Big East Conference
California Institute of Technology,CIT,Beavers,1200 E. California Boulevard,Pasadena,CA,91125,9/1/1954,No,Private,Kevin Whitehead,III,Southern California Intercollegiate Athletic Conf.
California Polytechnic State University,CP,Mustangs,1 Grand Ave.,San Luis Obispo,CA,93407,9/1/1948,No,Public,Larry Lee,I,Big West Conference
"California State Polytechnic University, Pomona",CPP,Broncos,3801 W. Temple Ave.,Bldg 43-116,Pomona,CA,9/1/1957,No,Public,Randal Betten,II,California Collegiate Athletic Association
"California State University, Dominguez Hills",CSUDH,Toros,1000 E. Victoria St.,Carson,CA,90747,9/1/1980,No,Public,Tyler Wright,II,California Collegiate Athletic Association
"California State University, San Bernardino",CSUSB,Coyotes,5500 University Pky,San Bernardino,CA,92407,9/1/1984,No,Public,Michael Nadeau,II,California Collegiate Athletic Association
"California State University, Bakersfield",CSUB,Roadrunners / Runners,9001 Stockdale Highway,8 GYM,Bakersfield,CA,9/1/1972,No,Public,Jeremy Beard,I,Big West Conference
"California State University, Fresno",CSUF,Bulldogs,5241 North Maple Avenue,Fresno,CA,93740,9/1/1937,No,Public,Ryan Overland,I,Mountain West Conference
"California State University, Fullerton",CSUF,Titans,800 N. State College Blvd.,Fullerton,CA,92831,9/1/1961,No,Public,Jason Dietrich,I,Big West Conference
"California State University, East Bay",CSUEB,Pioneers,25800 Carlos Bee Blvd.,Hayward,CA,94542,9/1/1961,No,Public,Michael Cummins,II,California Collegiate Athletic Association
Long Beach State University,CSULB,The Beach,1250 Bellflower Boulevard,Long Beach,CA,90840-0118,9/1/1955,No,Public,Eric Valenzuela,I,Big West Conference
"California State University, Northridge",CSUN,Matadors,18111 Nordhoff St.,Northridge,CA,91330,9/1/1958,No,Public,Eddie Cornejo,I,Big West Conference
"California State University, Sacramento",CSUS,Hornets,6000 J Street,Sacramento,CA,95819-6099,9/1/1956,No,Public,Reggie Christiansen,I,Western Athletic Conference
"California State University, Stanislaus",STAN,Warriors,One University Circle,Turlock,CA,95382-0299,9/1/1975,No,Public,Kenny Leonesio,II,California Collegiate Athletic Association
"University of California, Santa Barbara",UCSB,Gauchos,5221 Cheadle Hall,Santa Barbara,CA,93106,9/1/1947,No,Public,Andrew Checketts,I,Big West Conference
California Lutheran University,CLU,"Kingsmen, Regals",60 W. Olsen Road,Thousand Oaks,CA,91360-2787,9/1/1985,No,Private,Marty Slimak,III,Southern California Intercollegiate Athletic Conf.
"Pennsylvania Western University, California",Cal U,Vulcans,250 University Avenue,California,PA,15419,9/1/1968,No,Public,Mike Conte,II,Pennsylvania State Athletic Conference
"University of California, Berkeley",Cal,Golden Bears,200 California Hall,Berkeley,CA,94720,9/1/1929,No,Public,Mike Neu,I,Pac-12 Conference
"University of California, Davis",UCD,Aggies,1 Shields Ave,Davis,CA,95616,9/1/1929,No,Public,Tommy Nicholson,I,Big West Conference
"University of California, Irvine",UCI,Anteaters,501 Aldrich Hall,Irvine,CA,92697,9/1/1967,No,Public,Ben Orloff,I,Big West Conference
"University of California, Los Angeles",UCLA,Bruins,405 Hilgard Ave,Los Angeles,CA,90095,9/1/1929,No,Public,John Savage,I,Pac-12 Conference
"University of California, Riverside",UCR,Highlanders,"University of California, Riverside",900 University Ave,Riverside,CA,9/1/1956,No,Public,Justin Johnson,I,Big West Conference
"University of California, San Diego",UCSD,Tritons,9500 Gilman Dr,San Diego,CA,92093,9/1/1968,No,Public,Eric Newman,I,Big West Conference
Campbell University,CU,Fighting Camels/Camels,143 Main St,Buies Creek,NC,27506,9/1/1976,No,Private,Justin Haire,I,Big South Conference
Canisius College,CC,Golden Griffins/ Griffs,2001 Main Street,Buffalo,NY,14208-1098,9/1/1936,No,Private,Matt Mazurek,I,Metro Atlantic Athletic Conference
Capital University,CU,NCAA Applications Administrators,E Main St & College Ave,Bexley,OH,43209,9/1/1954,No,Private,Scott Manahan,III,Ohio Athletic Conference
Carroll University,Wisconsin,Pioneers,100 N. East Ave.,Waukesha,WI,53186,9/1/1976,No,Private,Stein Rear,III,College Conference of Illinois & Wisconsin
Case Western Reserve University,CWRU,Spartans,10900 Euclid Avenue,Cleveland,OH,44106-7223,9/1/1936,No,Private,Matt Englander,III,University Athletic Association
Catholic University,CATHU,Cardinals,"620 Michigan Avenue, NE",Washington,DC,20064,9/1/1915,No,Private,Ross Natoli,III,Landmark Conference
Centenary College,Louisiana,Ladies & Gents,2911 Centenary Blvd.,P.O.Box 41188,Shreveport,LA,9/1/1952,No,Private,Michael Diaz,III,Southern Collegiate Athletic Conference
Central College,Iowa,Dutch,812 University,Pella,IA,50219,9/1/1966,No,Private,Adam Carey,III,American Rivers Conference
Central Connecticut State University,CCSU,Blue Devils,1615 Stanley Street,New Britain,CT,6050,9/1/1963,No,Public,Charlie Hickey,I,Northeast Conference
University of Central Florida,UCF,Knights,4000 Central Florida Boulevard,P.O. Box 163555,Orlando,FL,9/1/1972,No,Public,Greg Lovelady,I,American Athletic Conference
Central Michigan University,CMU,Chippewas,1200 S Franklin St.,Mount Pleasant,MI,48859,9/1/1926,No,Public,Jacob Sabol,I,Mid-American Conference
University of Central Missouri,UCM,"Mules, Jennies",108 W. South Street,Warrensburg,MO,64093,9/1/1957,No,Public,Kyle Crookes,II,Mid-America Intercollegiate Athletics Association
Christopher Newport University,CNU,Captains,1 Avenue of the Arts,Newport News,VA,23606-3072,9/1/1974,No,Public,John Harvell,III,Coast-To-Coast Athletic Conference
University of Cincinnati,UC,Bearcats,2624 Clifton Ave,Cincinnati,OH,45221,9/1/1919,No,Public,Jordan Bischel,I,American Athletic Conference
Claremont McKenna-Harvey Mudd-Scripps Colleges,CMS,"Stags, Athenas",500 E 9th Street,Claremont,CA,91711,9/1/1959,No,Private,Bill Walkenbach,III,Southern California Intercollegiate Athletic Conf.
Clark Atlanta University,CAU,Panthers,"223 James P. Brawley Dr., SW.",Atlanta,GA,30314,9/1/1952,Yes,Private,Kentaus Carter,II,Southern Intercol. Ath. Conf.
Clark University,Massachusetts,NCAA Applications Administrators,950 Main St,Worcester,MA,1610,9/1/1955,No,Private,Billy Cather,III,New England Women's and Men's Athletic Conference
Clarkson University,CU,Golden Knights,8 Clarkson Avenue,Potsdam,NY,13699,9/1/1928,No,Private,Jim Kane,III,Liberty League
Clemson University,CU,Tigers,201 Sikes Hall,Clemson,SC,29634,9/1/1912,No,Public,Erik Bakich,I,Atlantic Coast Conference
Coastal Carolina University,CCU,Chanticleers,"132 Chanticleer Drive, West",Conway,SC,29528,9/1/1985,No,Public,Gary Gilmore,I,Sun Belt Conference
Coe College,COE,Kohawks,1220 First Avenue NE,Cedar Rapids,IA,52402-5092,9/1/1920,No,Private,Steve Cook,III,American Rivers Conference
Colby College,COL,Mules,4900 Mayflower Hill,Waterville,ME,04901-8849,9/1/1944,No,Private,Jesse Woods,III,New England Small College Athletic Conference
Colby-Sawyer College,CSC,Chargers,541 Main Street,New London,NH,3257,9/1/1982,No,Private,Tom White,III,Great Northeast Athletic Conference
Colorado School of Mines,Mines,Orediggers,1500 Illinois Street,Golden,CO,80401,9/1/1940,No,Public,Robert Bales,II,Rocky Mountain Athletic Conference
Columbia University-Barnard College,CU,Lions,West 116 St and Broadway,New York,NY,10027,9/1/1909,No,Private,Brett Boretti,I,The Ivy League
Columbus State University,CSU,Cougars,4225 University Avenue,Columbus,GA,31907-5645,9/1/1972,No,Public,Greg Appleton,II,Peach Belt Conference
Concordia University Chicago,CUC,Cougars,7400 Augusta Street,River Forest,IL,60305-1499,9/1/1980,No,Private,Kolin Conner,III,Northern Athletics Collegiate Conference
University of Connecticut,UConn,Huskies,352 Mansfield Rd,Storrs,CT,6269,9/1/1910,No,Public,Jim Penders,I,Big East Conference
Coppin State University,CSU,Eagles,2500 West North Avenue,Baltimore,MD,21216-3698,9/1/1980,Yes,Public,Sherman Reed,I,Mid-Eastern Athletic Conf.
Cornell University,CU,Big Red,300 Day Hall,Ithaca,NY,14853,9/1/1920,No,Private,Daniel J. Pepicelli,I,The Ivy League
Creighton University,CU,Bluejays,2500 California Plaza,Omaha,NE,68178-0001,9/1/1923,No,Private,Ed Servais,I,Big East Conference
Curry College,CC,Colonels,1071 Blue Hill Ave.,Milton,MA,2186,9/1/1972,No,Private,Paul Bortolotti,III,Commonwealth Coast Conference
Davidson College,DC,Wildcats,405 N. Main St,Davidson,NC,28035,9/1/1937,No,Private,Rucker Taylor,I,Atlantic 10 Conference
Davis & Elkins College,D&E,Senators,100 Campus Drive,Elkins,WV,26241-3996,9/1/1982,No,Private,Brett Ripley,II,Mountain East Conference
University of Dayton,UD,Flyers,300 College Park,Dayton,OH,45469-1230,9/1/1951,No,Private,Jayson King,I,Atlantic 10 Conference
Delaware State University,DSU,Hornets,1200 N. Dupont Highway,Dover,DE,19901,9/1/1958,Yes,Public,J.P. Blandin,I,Northeast Conference
Delaware Valley University,DelVal,Aggies,700 East Butler Avenue,Doylestown,PA,18901-2699,9/1/1962,No,Private,Kyle Fleming,III,Middle Atlantic Conference Freedom
University of Delaware,UD,Blue Hens,631 South College Ave,Newark,DE,19716,9/1/1923,No,Public,Greg Mamula,I,Colonial Athletic Association
Delta State University,DSU,"Statesmen, Lady Statesmen",1003 W Sunflower Rd,Cleveland,MS,38733,9/1/1961,No,Public,Rodney Batts,II,Gulf South Conference
Drew University,DREW,NCAA Applications Administrators,36 Madison Avenue,Madison,NJ,7940,9/1/1969,No,Private,Brian Eberly,III,Landmark Conference
University of Dubuque,DBQ,Spartans,2000 University Avenue,Dubuque,IA,52001,9/1/1976,No,Private,Paul Wyczawski,III,American Rivers Conference
Duke University,DU,Blue Devils,Whitford Drive,Durham,NC,27708,9/1/1925,No,Private,Christopher Pollard,I,Atlantic Coast Conference
Earlham College,EC,Quakers,801 National Road West,Richmond,IN,47374,9/1/1982,No,Private,Steve Sakosits,III,Heartland Collegiate Athletic Conference
East Carolina University,ECU,Pirates,East 5th St,Greenville,NC,27858,7/1/1961,No,Public,Cliff Godwin,I,American Athletic Conference
East Stroudsburg University of Pennsylvania,ESU,Warriors,200 Prospect Street,East Stroudsburg,PA,18301,9/1/1961,No,Public,John Kochmansky,II,Pennsylvania State Athletic Conference
East Tennessee State University,ETSU,Buccaneers/ Bucs,1276 Gilbreath Dr.,Johnson City,TN,37614,9/1/1956,No,Public,Joe Pennucci,I,Southern Conference
Eastern Illinois University,EIU,Panthers,600 Lincoln Avenue,Charleston,IL,61920-3099,9/1/1954,No,Public,Jason Anderson,I,Ohio Valley Conference
Eastern Kentucky University,EKU,Colonels,521 Lancaster Avenue,Richmond,KY,40475-3101,9/1/1931,No,Public,Chris Prothro,I,ASUN Conference
Eastern Mennonite University,EMU,Royals,1200 Park Road,Harrisonburg,VA,22802,9/1/1975,No,Private,Adam Posey,III,Old Dominion Athletic Conf.
Eastern Michigan University,EMU,Eagles,900 Oakwood St,Ypsilanti,MI,48197,9/1/1927,No,Public,Robert Britt,I,Mid-American Conference
Montana State University Billings,MSUB,Yellowjackets,1500 University Dr.,Billings,MT,59101,9/1/1980,No,Public,Derek Waddoups,II,Great Northwest Athletic Conference
Eastern New Mexico University,ENMU,Greyhounds,ENMU Station 2,1500 S Avenue K,Portales,NM,9/1/1985,No,Public,Riley Price,II,Lone Star Conference
Eckerd College,EC,Tritons,4200 54th Avenue South,St. Petersburg,FL,33711,9/1/1967,No,Private,Josh Beauregard,II,Sunshine State Conference
Elizabethtown College,ETOWN,NCAA Applications Administrators,1 Alpha Dr,Elizabethtown,PA,17022,9/1/1954,No,Private,Adam Sheibley,III,Landmark Conference
Elmira College,EC,Soaring Eagles,1 Park Place,Elmira,NY,14901,9/1/1970,No,Private,Anthony Goncalves,III,Empire 8
Emory & Henry College,E&H,Wasps,30461 Garnand Dr,Emory,VA,24327,9/1/1973,No,Private,Trey McCall,II,South Atlantic Conference
University of Evansville,UE,Purple Aces,1800 Lincoln Avenue,Evansville,IN,47722,9/1/1951,No,Private,Wes Carroll,I,Missouri Valley Conference
Fairfield University,FU,Stags,1073 North Benson Road,Fairfield,CT,6824,9/1/1958,No,Private,Bill Currier,I,Metro Atlantic Athletic Conference
"Fairleigh Dickinson University, Florham",FDU,Devils,285 Madison Avenue,Madison,NJ,7940,9/1/1963,No,Private,Jamie Quinn,III,Middle Atlantic Conference Freedom
"Fairleigh Dickinson University, Metropolitan Campus",FDU,Knights,1000 River Road,Teaneck,NJ,7666,9/1/1963,No,Private,Emanuel Roman-Castillo,I,Northeast Conference
Ferrum College,FC,Panthers,590 Ferrum Mountain Road,Ferrum,VA,24088,9/1/1985,No,Private,Ryan Brittle,III,Old Dominion Athletic Conf.
Florida A&M University,FAMU,Rattlers,1500 S Martin Luther KIng Jr Blvd,Tallahassee,FL,32307,9/1/1952,Yes,Public,Jamey Shouppe,I,Southwestern Athletic Conf.
Florida Atlantic University,FAU,Owls,777 Glades Road,Boca Raton,FL,33431-0991,9/1/1982,No,Public,John McCormack,I,Conference USA
Florida Institute of Technology,FT,Panthers,150  W. University Blvd.,Melbourne,FL,32901,9/1/1979,No,Private,Jeff Tam,II,Sunshine State Conference
Florida International University,FIU,Golden Panthers,11200 SW 8th Street (GPA),Miami,FL,33199,9/1/1975,No,Public,Rich Witten,I,Conference USA
Florida Southern College,FSC,"Moccasins, Mocs",111 Lake Hollingsworth Dr.,Lakeland,FL,33801,9/1/1957,No,Private,Lance Niekro,II,Sunshine State Conference
Florida State University,FSU,Seminoles,222 S. Copeland St,Tallahassee,FL,32306,9/1/1949,No,Public,Link Jarrett,I,Atlantic Coast Conference
University of Florida,UF,Gators,226 Tigert Hall,Gainesville,FL,32611,9/1/1922,No,Public,Kevin O'Sullivan,I,Southeastern Conference
Fordham University,FU,Rams,441 East Fordham Road,Rose Hill Gym,Bronx,NY,9/1/1923,No,Private,Kevin Leighton,I,Atlantic 10 Conference
Framingham State University,FSU,Rams,100 State Street,Framingham,MA,1701,9/1/1971,No,Public,Sean Callahan,III,Massachusetts State Collegiate Athletic Conference
Franklin & Marshall College,F&M,Diplomats,637 College Ave,Lancaster,PA,17603,9/1/1906,No,Private,Ryan Horning,III,Centennial Conference
Franklin Pierce University,FPU,Ravens,40 University Dr,Rindge,NH,3461,9/1/1986,No,Private,Mike Chambers,II,Northeast-10 Conference
The State University of New York at Fredonia,FSU,Blue Devils,280 Central Avenue,Fredonia,NY,14063,9/1/1963,No,Public,Jordan Basile,III,State University of New York Athletic Conference
Frostburg State University,FSU,Bobcats,101 Braddock Rd.,Frostburg,MD,21532-1099,9/1/1977,No,Public,Anthony Williams,II,Mountain East Conference
Gallaudet University,GU or GAL,Bison,800 Florida Ave NE,Washington,DC,20002,9/1/1957,No,Private,Curtis Pride,III,United East Conference
George Mason University,GMU,Patriots,4400 University Drive,Fairfax,VA,22030,9/1/1968,No,Public,Shawn Camp,I,Atlantic 10 Conference
George Washington University,GWU,Colonials,"1918 F Street, NW",Washington,DC,20052,9/1/1939,No,Private,Gregg Ritchie,I,Atlantic 10 Conference
Georgetown University,GU,Hoyas,3700 O St NW,Washington,DC,20057,9/1/1926,No,Private,Edwin Thompson,I,Big East Conference
Georgia Southern University,GSU,Eagles,1332 Southern Drive,Statesboro,GA,30460,9/1/1968,No,Public,Rodney Hennon,I,Sun Belt Conference
Georgia State University,GSU,Panthers,33 Gilmer St,Atlanta,GA,30303,9/1/1964,No,Public,Brad Stromdahl,I,Sun Belt Conference
Georgia Institute of Technology,GT,Yellow Jackets,225 North Ave,Atlanta,GA,30332,9/1/1947,No,Public,Danny Hall,I,Atlantic Coast Conference
University of Georgia,UGA,Bulldogs,220 S Jackson St,Athens,GA,30602,9/1/1913,No,Public,Wes Johnson,I,Southeastern Conference
Gettysburg College,GC,Bullets,300 North Washington Street,Box 400,Gettysburg,PA,9/1/1929,No,Private,Cory Beddick,III,Centennial Conference
Rowan University,RU,Profs,201 Mullica Hill Road,Glassboro,NJ,08028-1701,9/1/1963,No,Public,Mike Dickson,III,New Jersey Athletic Conference
Gonzaga University,GU,Bulldogs/ Zags,E 502 Boone Ave,Spokane,WA,99258,9/1/1938,No,Private,Mark Machtolf,I,West Coast Conference
Grambling State University,GSU,Tigers,403 Main Street,P. O. Box 4252,Grambling,LA,9/1/1951,Yes,Public,Davin Pierre,I,Southwestern Athletic Conf.
Grand Valley State University,GVSU,Lakers,4099 Calder Dr,Allendale,MI,49401,9/1/1975,No,Public,Jordan Keur,II,Great Lakes Intercollegiate Athletic Conference
Greensboro College,GC,Pride,815 West Market Street,Greensboro,NC,27401-1875,9/1/1974,No,Private,Christopher Fenisey,III,USA South Athletic Conference
Grove City College,GRO,Wolverines,100 Campus Drive,Grove City,PA,16127,9/1/1958,No,Private,Matt Royer,III,Presidents' Athletic Conference
Hamilton College,HAM,Continentals,198 College Hill Road,Clinton,NY,13323,9/1/1916,No,Private,Tim Byrnes,III,New England Small College Athletic Conference
Hamline University,HU,Pipers,1536 Hewitt Avenue,St. Paul,MN,55104,9/1/1951,No,Private,Jim Weyandt,III,Minnesota Intercollegiate Athletic Conference
Hampden-Sydney College,HSC,Tigers,College Road,Hampden-Sydney,VA,23943,9/1/1957,No,Private,Jeff Kinne,III,Old Dominion Athletic Conf.
University of Hartford,UH,Hawks,200 Bloomfield Avenue,Sports Center,West Hartford,CT,9/1/1962,No,Private,Steve Malinowski,I,Independent
Haverford College,HAV,Fords,370 Lancaster Avenue,Haverford,PA,19041-1392,9/1/1906,No,Private,Dave Beccaria,III,Centennial Conference
"University of Hawaii, Manoa",UH,Rainbow Warriors/ Rainbow Wahine,2500 Campus Road,Honolulu,HI,96822,9/1/1946,No,Public,Rich Hill,I,Big West Conference
Heidelberg University,BERG,Student Princes,310 East Market Street,Tiffin,OH,44883-2462,9/1/1954,No,Private,Chad Fitzgerald,III,Ohio Athletic Conference
Hillsdale College,HC,Chargers ,33 East College,Hillsdale,MI,49242-1298,9/1/1984,No,Private,Tom Vessella,II,Great Midwest Athletic Conference
Hiram College,HC,Terriers,11715 Garfield Rd,Hiram,OH,44234,9/1/1955,No,Private,Phil Brua,III,North Coast Athletic Conference
Hobart and William Smith Colleges,HOB/WSC,Statesmen / Herons,337 Pulteney Street,Geneva,NY,14456,9/1/1952,No,Private,Brad Cook,III,Liberty League
Hofstra University,HU,Pride,100 Hofstra University,Hempstead,NY,11549,9/1/1947,No,Private,Frank Catalanotto,I,Colonial Athletic Association
College of the Holy Cross,HC,Crusaders,1 College St,Worcester,MA,1610,9/1/1938,No,Private,Edward Kahovec,I,Patriot League
Hope College,HOPE,Flying Dutchmen/Flying Dutch,100 E 8th St,Suite 260,Holland,MI,9/1/1957,No,Private,Stu Fritz,III,Michigan Intercol. Ath. Assn.
Houston Christian University,HCU,Huskies,7502 Fondren Road,Houston,TX,77074,9/1/2011,No,Private,Lance Berkman,I,Southland Conference
University of Houston,UH,Cougars,212 E. Cullen Building,Houston,TX,77204,9/1/1949,No,Public,Todd Whitting,I,American Athletic Conference
Benedictine University,Illinois,Eagles,5700 College Road,Lisle,IL,60532-0900,9/1/1962,No,Private,Adam Smith,III,Northern Athletics Collegiate Conference
Illinois State University,ISU,Redbirds,702 W College Ave,Normal,IL,61761,9/1/1939,No,Public,Steve Holm,I,Missouri Valley Conference
Illinois Wesleyan University,IWU,Titans,1312 N Park St,Bloomington,IL,61702,9/1/1977,No,Private,Dennis Martel,III,College Conference of Illinois & Wisconsin
University of Illinois Urbana-Champaign,U of I,Fighting Illini,601 E. John Street,Champaign,IL,61820,9/1/1914,No,Public,Dan Hartleb,I,Big Ten Conference
University of Illinois Chicago,UIC,Flames,601 S. Morgan,Chicago,IL,60607,9/1/1968,No,Public,Sean McDermott,I,Missouri Valley Conference
Immaculata University,IU,Mighty Macs,1145 W. King Rd,Immaculata Dr,PA,19345,9/1/1982,No,Private,Josh Copskey,III,Atlantic East Conference
Indiana State University,ISU,Sycamores,210 N 7th St,Terre Haute,IN,47809,9/1/1963,No,Public,Mitch Hannahs,I,Missouri Valley Conference
"Indiana University, Bloomington",IU,Hoosiers,107 S Indiana Ave,Bloomington,IN,47405,9/1/1909,No,Public,Jeff Mercer,I,Big Ten Conference
Indiana University of Pennsylvania,IUP,Crimson Hawks,1011 South Drive,Indiana,PA,15705-1077,9/1/1963,No,Public,Steve Kline,II,Pennsylvania State Athletic Conference
Purdue University Fort Wayne,IPFW,Mastodons,2101 East Coliseum Blvd,Fort Wayne,IN,46805-1499,9/1/1976,No,Public,Doug Schreiber,I,Horizon League
Iona University,IC,Gaels,715 North Avenue,New Rochelle,NY,10801,9/1/1952,No,Private,Conor Burke,I,Metro Atlantic Athletic Conference
University of Iowa,UI,Hawkeyes,101 Jessup Hall,Iowa City,IA,52242,9/1/1908,No,Public,Rick Heller,I,Big Ten Conference
Ithaca College,IC,Bombers,953 Danby Road,Ithaca,NY,14850,9/1/1936,No,Private,David Valesente,III,Liberty League
Jackson State University,JSU,Tigers,1400 J.R. Lynch Street,17810,Jackson,MS,9/1/1964,Yes,Public,Omar Johnson,I,Southwestern Athletic Conf.
Jacksonville State University,JSU,Gamecocks,700 Pelham Road North,Jacksonville,AL,36265-1602,9/1/1971,No,Public,Jim Case,I,ASUN Conference
Jacksonville University,JU,Dolphins,2800 University Blvd. N.,Jacksonville,FL,32211-3394,9/1/1964,No,Private,Chris Hayes,I,ASUN Conference
James Madison University,JMU,Dukes,800 S Main St,Harrisonburg,VA,22807,9/1/1969,No,Public,Marlin Ikenberry,I,Sun Belt Conference
New Jersey City University,NJCU,Gothic Knights,2039 Kennedy Blvd.,Jersey City,NJ,07305-1597,9/1/1962,No,Public,Jeremiah Smith,III,New Jersey Athletic Conference
Johns Hopkins University,JHU,Blue Jays,3400 N. Charles St.,Baltimore,MD,21218-2684,9/1/1912,No,Private,Bob Babb,III,Centennial Conference
Juniata College,JUN,Eagles,1700 Moore Street,Huntingdon,PA,16652,9/1/1953,No,Private,Pat Chrisopher,III,Landmark Conference
Kalamazoo College,KC,Hornets,1200 Academy Street,Kalamazoo,MI,49006,9/1/1938,No,Private,Michael Ott,III,Michigan Intercol. Ath. Assn.
Kansas State University,KSU,Wildcats,919 Mid-Campus Dr,Manhattan,KS,66506,9/1/1922,No,Public,Pete Hughes,I,Big 12 Conference
University of Kansas,KU,Jayhawks,1450 Jayhawk Bldg.,Lawrence,KS,66045,9/1/1908,No,Public,Dan Fitzgerald,I,Big 12 Conference
Keene State College,KSC,Owls,229 Main Street,Keene,NH,03435-0000,9/1/1972,No,Public,Justin Blood,III,Little East Conference
Kent State University,KSU,Golden Flashes,800 E Summit St,Kent,OH,44240,9/1/1937,No,Public,Jeffrey Duncan,I,Mid-American Conference
Kentucky State University,KSU,Thorobreds,400 East Main St.,Frankfort,KY,40601,9/1/1951,Yes,Public,Robert Henry,II,Southern Intercol. Ath. Conf.
Kentucky Wesleyan College,KWC,Panthers,3000 Frederica Street,Owensboro,KY,42301,9/1/1958,No,Private,Todd Lillpop,II,Great Midwest Athletic Conference
University of Kentucky,UK,Wildcats,South Limestone,Lexington,KY,40506,9/1/1936,No,Public,Nick Mingione,I,Southeastern Conference
King's College,Pennsylvania,Monarchs,133 N River St,Wilkes-Barre,PA,18711,9/1/1958,No,Private,Jerry Greeley,III,Middle Atlantic Conference Freedom
Kutztown University of Pennsylvania,KU,Golden Bears,15200 Kutztown Road,P O Box 730,Kutztown,PA,9/1/1964,No,Public,Eric Folmar,II,Pennsylvania State Athletic Conference
Lafayette College,LC,Leopards,High Street,Easton,PA,18042,9/1/1908,No,Private,A.J. Miller,I,Patriot League
Lamar University,LU,Cardinals,4400 S M L King Jr Pkwy,Beaumont,TX,77705,9/1/1957,No,Public,William E. Davis,I,Southland Conference
Le Moyne College,LEM,Dolphins,1419 Salt Springs Road,Syracuse,NY,13214-1399,9/1/1955,No,Private,Scott Cassidy,II,Northeast-10 Conference
LeMoyne-Owen College,LOC,Magicians,807 Walker Ave.,Memphis,TN,38126,9/1/1958,Yes,Private,Johnny Rudd,II,Southern Intercol. Ath. Conf.
Lebanon Valley College,LVC,Flying Dutchmen,101 N. College Avenue,Annville,PA,17003-1400,9/1/1951,No,Private,Jonas Fester,III,Middle Atlantic Conference Commonwealth
Lehigh University,LU,Mountain Hawks,641 Taylor Street,Bethlehem,PA,18015,9/1/1906,No,Private,Sean Leary,I,Patriot League
Liberty University,LU,Flames,1971 University Boulevard,Lynchburg,VA,24515,9/1/1981,No,Private,Scott Jackson,I,ASUN Conference
Lincoln University,Pennsylvania,Lions,1570 Baltimore Pike,Lincoln University,PA,19352,9/1/1951,Yes,Public,Anthony Pla,II,East Coast Conference
University of West Alabama,UWA,Tigers,Highway 11 North,Livingston,AL,35470,9/1/1973,No,Public,Vacant,II,Gulf South Conference
Lock Haven University of Pennsylvania,LHU,Bald Eagles,401 N Fairview St,Lock Haven,PA,17745,9/1/1939,No,Public,Heath Stover,II,Pennsylvania State Athletic Conference
Long Island University,LIU,Sharks,720 Northern Blvd,Brookville,NY,11548,9/1/1956,No,Private,Dan Pirillo,I,Northeast Conference
Longwood University,LU,Lancers,201 High Street,Farmville,VA,23909-1899,9/1/1978,No,Public,Chad Oxendine,I,Big South Conference
Loras College,LOR,Duhawks,1450 Alta Vista,Dubuque,IA,52004,9/1/1986,No,Private,Carl Tebon,III,American Rivers Conference
Louisiana State University,LSU,Tigers,156 Thomas Boyd Hall,Baton Rouge,LA,70803,9/1/1936,No,Public,Jay Johnson,I,Southeastern Conference
University of Louisville,UofL,Cardinals,2301 South 3rd Street,Louisville,KY,40292,9/1/1947,No,Public,Dan McDonnell,I,Atlantic Coast Conference
University of Massachusetts Lowell,UML,River Hawks,1 University Avenue,Lowell,MA,1854,9/1/1975,No,Public,Ken Harring,I,America East Conference
Loyola Marymount University,LMU,Lions,1 Loyola Marymount University Dr,Los Angeles,CA,90045,9/1/1947,No,Private,Nathan Choate,I,West Coast Conference
Luther College,LUT,Norse,700 College Drive,Decorah,IA,52101-1045,9/1/1953,No,Private,Bryan Nikkel,III,American Rivers Conference
Lycoming College,Lyco,Warriors,One College Place,Williamsport,PA,17701-5192,9/1/1951,No,Private,Rick Oliveri,III,Middle Atlantic Conference Freedom
University of Lynchburg,LYN,Hornets,1501 Lakeside Drive,Lynchburg,VA,24501-3199,9/1/1974,No,Private,Lucas Jones,III,Old Dominion Athletic Conf.
Macalester College,Mac,Scots,1600 Grand Avenue,St. Paul,MN,55105,9/1/1958,No,Private,Matt Parrington,III,Minnesota Intercollegiate Athletic Conference
"University of Maine, Farmington",UMF,Beavers,224 Main St.,Farmington,ME,4938,9/1/1995,No,Public,Christopher Bessey,III,North Atlantic Conference
University of Maine,UMaine,Black Bears,168 College Avenue,Orono,ME,4469,9/1/1952,No,Public,Nicholas Derba,I,America East Conference
Manhattan College,MC,Jaspers,4513 Manhattan College Pkwy,The Bronx,NY,10471,9/1/1928,No,Private,David Miller,I,Metro Atlantic Athletic Conference
"Minnesota State University, Mankato",MSU,Mavericks,South Rd and Ellis Ave,Mankato,MN,56001,9/1/1954,No,Public,Matt Magers,II,Northern Sun Intercollegiate Conference
Mansfield University of Pennsylvania,MU,"Mountaineers, Mounties",5 Swan Street,Mansfield,PA,16933,9/1/1972,No,Public,Andrew Chalot,II,Pennsylvania State Athletic Conference
Marist College,MC,Red Foxes,3399 North Road,Poughkeepsie,NY,12601-1387,9/1/1968,No,Private,Lance Ratchford,I,Metro Atlantic Athletic Conference
Marshall University,MU,The Herd,1 John Marshall Drive,P.O. Box 1360,Huntington,WV,9/1/1950,No,Public,Greg Beals,I,Sun Belt Conference
"University of Maryland, Baltimore County",UMBC,Retrievers,1000 Hilltop Circle,Baltimore,MD,21250-0000,9/1/1969,No,Public,Liam Bowen,I,America East Conference
"University of Maryland, College Park",UMD,Terrapins/ Terps,7950 Baltimore Ave,College Park,MD,20742,9/1/1919,No,Public,Matt Swope,I,Big Ten Conference
University of Maryland Eastern Shore,UMES,Hawks,1 College Backbone Rd,Princess Anne,MD,21853,9/1/1956,Yes,Public,Shawn Phillips,I,Northeast Conference
Marymount University,Virginia,NCAA Applications Administrators,2807 North Glebe Road,Arlington,VA,22207-4299,9/1/1982,No,Private,Mike Cassidy,III,Atlantic East Conference
Maryville University of Saint Louis,MU,Saints,650 Maryville University Dr.,St. Louis,MO,63141-7299,9/1/1978,No,Private,Patrick Evers,II,Great Lakes Valley Conference
Maryville College,Tennessee,Scots,502 E. Lamar Alexander Parkway,Maryville,TN,37804-5907,9/1/1965,No,Private,Clint Helton,III,Collegiate Conference of the South
"University of Massachusetts, Amherst",UMass,Minutemen,181 Presidents Dr,Amherst,MA,1003,9/1/1912,No,Public,Matt Reynolds,I,Atlantic 10 Conference
McNeese State University,MSU,Cowboys and Cowgirls,4205 Ryan St.,Lake Charles,LA,70609,9/1/1965,No,Public,Justin Hill,I,Southland Conference
University of Memphis,UofM,Tigers,Southern Ave,Memphis,TN,38152,9/1/1952,No,Public,Kerrick Jackson,I,American Athletic Conference
Mercer University,MU,Bears,1501 Mercer University Drive,Macon,GA,31207,9/1/1957,No,Private,Craig Gibson,I,Southern Conference
Merrimack College,MC,Warriors,315 Turnpike Street,North Andover,MA,1845,9/1/1954,No,Private,Brian Murphy,I,Northeast Conference
Messiah University,Mess,Falcons,1 University Avenue,Mechanicsburg,PA,17055,9/1/1981,No,Private,Phillip Shallenberger,III,Middle Atlantic Conference Commonwealth
Methodist University,MU,Monarchs,5400 Ramsey Street,Fayetteville,NC,28311-1420,9/1/1974,No,Private,Tom Austin,III,USA South Athletic Conference
Metropolitan State University of Denver,MSUD,Roadrunners,890 Auraria Pkwy,Denver,CO,80204,9/1/1982,No,Public,Ryan Strain,II,Rocky Mountain Athletic Conference
Miami University,Ohio,RedHawks,501 E. High Street,Oxford,OH,45056,9/1/1920,No,Public,Daniel (Danny) Hayden,I,Mid-American Conference
University of Miami,Florida,Hurricanes,1250 Memorial Drive,Coral Gables,FL,33146,9/1/1936,No,Private,Gino DiMare,I,Atlantic Coast Conference
Michigan State University,MSU,Spartans,426 Auditorium Rd.,East Lansing,MI,48824,9/1/1919,No,Public,Jake Boss,I,Big Ten Conference
University of Michigan,UM,Wolverines,503 Thompson St,Ann Arbor,MI,48109,9/1/1916,No,Public,Tracy Smith,I,Big Ten Conference
Middle Tennessee State University,MTSU,Blue Raiders,1301 East Main Street,Murfreesboro,TN,37132,9/1/1953,No,Public,Jerry Meyers,I,Conference USA
Middlebury College,MID,Panthers,14 Old Chapel Road,Middlebury,VT,5753,9/1/1922,No,Private,Mike Leonard,III,New England Small College Athletic Conference
Millsaps College,MIL,Majors,1701 N. State Street,Jackson,MS,39210,9/1/1965,No,Private,Jim Page,III,Southern Athletic Association
University of Minnesota Duluth,UMD,Bulldogs,515 Darland Administration Bldg,Duluth,MN,55812,9/1/1956,No,Public,Bob Rients,II,Northern Sun Intercollegiate Conference
"University of Minnesota, Twin Cities",UMN,Golden Gophers/ Gophers,100 Church Street SE,Minneapolis,MN,55455,9/1/1906,No,Public,John R. Anderson,I,Big Ten Conference
Mississippi College,MC,"Choctaws, Lady Choctaws",200 South Capitol Street,P.O. Box 4049,Clinton,MS,9/1/1948,No,Private,Jeremy Haworth,II,Gulf South Conference
Mississippi State University,MSU,Bulldogs,Lee Blvd,Mississippi State,MS,39762,9/1/1936,No,Public,Chris Lemonis,I,Southeastern Conference
Mississippi Valley State University,MVSU,Delta Devils,14000 Highway 82 West,Itta Bena,MS,38941,9/1/1970,Yes,Public,Vacant,I,Southwestern Athletic Conf.
University of Mississippi,Ole Miss,Rebels,700 Hathorn Rd,Oxford,MS,38677,9/1/1936,No,Public,Mike Bianco,I,Southeastern Conference
"University of Missouri, Columbia",MU,Tigers,105 Jesse Hall,Columbia,MO,65211,9/1/1906,No,Public,Steve Bieser,I,Southeastern Conference
Missouri University of Science and Technology,S&T,Miners,300 W. 13th Streeet,Rolla,MO,65409,9/1/1957,No,Public,Todd DeGraffenreid,II,Great Lakes Valley Conference
University of Missouri-St. Louis,UMSL,Tritons,1 University Blvd,St. Louis,MO,63121,9/1/1970,No,Public,Scott Eul,II,Great Lakes Valley Conference
Monmouth College,Illinois,Fighting Scots,700 E. Broadway,Monmouth,IL,61462-1998,9/1/1947,No,Private,Alan Betourne,III,Midwest Conference
Monmouth University,MU,Hawks,400 Cedar Avenue,West Long Branch,NJ,7764,9/1/1967,No,Private,Dean Ehehalt,I,Colonial Athletic Association
Montclair State University,MSU,Red Hawks,1 Normal Ave.,Montclair,NJ,7043,9/1/1962,No,Public,David Lorber,III,New Jersey Athletic Conference
Moravian University,MOR,Greyhounds,1200 Main Street,Bethlehem,PA,18018-6650,9/1/1939,No,Private,Doug Coe,III,Landmark Conference
Morehead State University,MSU,Eagles,University Blvd,Morehead,KY,40351,9/1/1952,No,Public,Mikio Aoki,I,Ohio Valley Conference
Mount St. Mary's University,MSMU,Mountaineers,16300 Old Emmitsburg Road,Emmitsburg,MD,21727-7799,9/1/1954,No,Private,Frank Leoni,I,Metro Atlantic Athletic Conference
University of Mount Union,MTU,Purple Raiders,1972 Clark Avenue,Alliance,OH,44601,9/1/1951,No,Private,Paul Hesse,III,Ohio Athletic Conference
Muhlenberg College,MUHL,Mules,2400 Chew Street,Allentown,PA,18104-5586,9/1/1938,No,Private,Tod Gross,III,Centennial Conference
Murray State University,MSU,Racers,218 Wells Hall,Murray,KY,42071-3318,9/1/1951,No,Public,Daniel Skirka,I,Missouri Valley Conference
University of North Carolina Asheville,UNCA,Bulldogs,One University Heights,CPO 1400,Asheville,NC,9/1/1985,No,Public,Scott Friedholm,I,Big South Conference
"University of North Carolina, Chapel Hill",UNC,Tar Heels,200 E Cameron Ave,Chapel Hill,NC,27514,9/1/1906,No,Public,Scott Forbes,I,Atlantic Coast Conference
The University of North Carolina at Charlotte,UNCC,49ers,9201 University City Blvd.,Charlotte,NC,28223,9/1/1973,No,Public,Robert Woodard,I,Conference USA
The University of North Carolina at Greensboro,UNCG,Spartans,1000 Spring Garden St,Greensboro,NC,27402,9/1/1974,No,Public,Billy Godwin,I,Southern Conference
University of North Carolina Wilmington,UNCW,Seahawks,601 S. College Road,Wilmington,NC,28403,9/1/1969,No,Public,Randy Hood,I,Colonial Athletic Association
Nebraska Wesleyan University,NWU,Prairie Wolves,5000 St. Paul Avenue,Lincoln,NE,68504-2796,9/1/1961,No,Private,Eric Ignatowski,III,American Rivers Conference
University of Nebraska-Lincoln,UNL,Cornhuskers/ Huskers,14th and R Street,Lincoln,NE,68588,9/1/1906,No,Public,Will Bolt,I,Big Ten Conference
University of Nebraska Omaha,UNO,Mavericks,6001 Dodge St.,Sapp Fieldhouse,Omaha,NE,9/1/1973,No,Public,Evan Porter,I,The Summit League
"University of Nevada, Las Vegas",UNLV,Rebels,4505 S. Maryland Pkwy,Las Vegas,NV,89154,9/1/1958,No,Public,Stan Stolte,I,Mountain West Conference
"University of Nevada, Reno",UNR,Wolf Pack,1664 N. Virginia St,Reno,NV,89557,9/1/1953,No,Public,Jake McKinley,I,Mountain West Conference
New England College,NEC,Pilgrims,98 Bridge Street,Henniker,NH,03242-3293,9/1/1966,No,Private,Terry Doyle,III,New England Collegiate Conference
Southern New Hampshire University,SNHU,Penmen,2500 N River Rd,Manchester,NH,03106-1045,9/1/1974,No,Private,Scott Loiseau,II,Northeast-10 Conference
University of New Haven,UNH,Chargers,300 Boston Post Road,West Haven,CT,06516-1999,9/1/1967,No,Private,Chris Celano,II,Northeast-10 Conference
New Jersey Institute of Technology,NJIT,Highlanders,323 Dr. MLK Blvd,Newark,NJ,7102,9/1/1974,No,Public,Robbie McClellan,I,America East Conference
New Mexico State University,NMSU,Aggies,2850 Weddell Street,Las Cruces,NM,88003,9/1/1947,No,Public,Keith Zuniga,I,Western Athletic Conference
University of New Mexico,UNM,Lobos,1700 Lomas Blvd NE,Albuquerque,NM,87106,9/1/1939,No,Public,Tod Brown,I,Mountain West Conference
University of New Orleans,UNO,Privateers,2000 Lakeshore Dr.,Athletic Department,New Orleans,LA,9/1/1968,No,Public,Blake Dean,I,Southland Conference
The City College of New York,CCNY,Beavers,160 Convent Avenue,Marshak Science Bldg. MR - 20,New York,NY,9/1/1907,No,Public,Steve Macias,III,City University of New York Athletic Conference
Niagara University,NU,Purple Eagles,Lewiston Road,Niagara University,NY,14109,9/1/1935,No,Private,Rob McCoy,I,Metro Atlantic Athletic Conference
Nicholls State University,NSU,Colonels,University Station La Hwy 1,Thibodaux,LA,70310,9/1/1965,No,Public,Mike Silva,I,Southland Conference
Norfolk State University,NSU,Spartans,700 Park Avenue,Norfolk,VA,23504,9/1/1958,Yes,Public,Keith Shumate,I,Northeast Conference
University of North Alabama,UNA,Lions,1 Harrison Plaza,Florence,AL,35632,9/1/1971,No,Public,Jad Prachniak,I,ASUN Conference
North Carolina A&T State University,NC A&T,Aggies,1601 East Market Street,Greensboro,NC,27411,9/1/1952,Yes,Public,Ben Hall,I,Colonial Athletic Association
North Carolina State University,NCSU,Wolfpack,2101 Hillsborough Street,Raleigh,NC,27695,9/1/1941,No,Public,Elliott Avent,I,Atlantic Coast Conference
North Carolina Wesleyan College,NCWC,Battling Bishops,3400 N. Wesleyan Blvd.,Rocky Mount,NC,27804,9/1/1974,No,Private,Greg Clifton,III,USA South Athletic Conference
North Dakota State University,NDSU,Bison,1301 12th Avenue North,Fargo,ND,58108,9/1/1955,No,Public,Tyler Oakes,I,The Summit League
University of Louisiana Monroe,ULM,Warhawks,700 University Avenue,Monroe,LA,71209-3000,9/1/1965,No,Public,Michael Federico,I,Sun Belt Conference
Truman State University,TSU,Bulldogs,100 E Normal Ave,Kirksville,MO,63501,9/1/1957,No,Public,Dan Davis,II,Great Lakes Valley Conference
Northeastern University,NU,Huskies,360 Huntington Ave,Boston,MA,2115,9/1/1937,No,Private,Michael Glavine,I,Colonial Athletic Association
University of Northern Colorado,UNC,Bears,501 20th St,Greeley,CO,80639,9/1/1940,No,Public,Michael Anderson,I,The Summit League
Northern Illinois University,NIU,Huskies,1425 W. Lincoln Hwy,DeKalb,IL,60115,9/1/1951,No,Public,Michael Kunigonis,I,Mid-American Conference
Northern Kentucky University,NKU,Norse,Nunn Drive,Highland Heights,KY,41099,9/1/1974,No,Public,Dizzy Peyton,I,Horizon League
Northwestern State University,NSU,Demons,175 Sam Sibley Dr,Natchitoches,LA,71497,9/1/1965,No,Public,Vacant,I,Southland Conference
Northwestern University,NU,Wildcats,633 Clark St,Evanston,IL,60208,9/1/1908,No,Private,Jim Foster,I,Big Ten Conference
Northwood University,NU,Timberwolves,4000 Whiting Drive,Midland,MI,48640-2398,9/1/1992,No,Private,Vacant,II,Great Midwest Athletic Conference
Norwich University,NOR,Cadets,158 Harmon Dr,Northfield,VT,5663,9/1/1908,No,Private,Frank Pecora,III,Great Northeast Athletic Conference
University of Notre Dame,ND,Fighting Irish,400 Main Bldg,Notre Dame,IN,46556,9/1/1924,No,Private,Shawn Stiffler,I,Atlantic Coast Conference
Oakland University,OU,Golden Grizzlies,2200 North Squirrel Rd,Rochester Hills,MI,48309,9/1/1967,No,Public,Jordon Banfield,I,Horizon League
Ohio Northern University,ONU,Polar Bears,525 S. Main St.,Ada,OH,45810,9/1/1971,No,Private,Gene Stechschulte,III,Ohio Athletic Conference
The Ohio State University,OSU,Buckeyes,281 W Lane Ave,Columbus,OH,43210,9/1/1907,No,Public,Bill Mosiello,I,Big Ten Conference
Ohio University,OU,Bobcats,020 Chubb Hall,Athens,OH,45701,9/1/1916,No,Public,Craig Moore,I,Mid-American Conference
Oklahoma State University,OSU,Cowboys and Cowgirls,107 Whitehurst,Stillwater,OK,74078,9/1/1933,No,Public,Josh Holliday,I,Big 12 Conference
University of Oklahoma,OU,Sooners,660 Parrington Oval,Norman,OK,73019,9/1/1916,No,Public,Arthur (Skip) Johnson,I,Big 12 Conference
Old Dominion University,ODU,Monarchs,5115 Hampton Blvd.,Norfolk,VA,23529,9/1/1963,No,Public,Chris Finwood,I,Sun Belt Conference
Olivet College,OC,Comets,320 S. Main Street,Olivet,MI,49076,9/1/1963,No,Private,Santiago Mendez,III,Michigan Intercol. Ath. Assn.
State University of New York at Oneonta,OSC,Red Dragons,108 Ravine Parkway,Oneonta,NY,13820-4015,9/1/1963,No,Public,Ben Grimm,III,State University of New York Athletic Conference
Oral Roberts University,ORU,Golden Eagles,7777 S Lewis Ave,Tulsa,OK,74171,9/1/1971,No,Private,Ryan Folmar,I,The Summit League
Oregon State University,OSU,Beavers,1500 SW Jefferson Avenue,Corvallis,OR,97331,9/1/1916,No,Public,Mitch Canham,I,Pac-12 Conference
University of Oregon,UO,Ducks,110 Johnson Hall,Eugene,OR,97403,9/1/1929,No,Public,Mark Wasikowski,I,Pac-12 Conference
University of the Pacific,UOP,Tigers,3601 Pacific Ave,Stockton,CA,95211,9/1/1943,No,Private,Chris Rodriguez,I,West Coast Conference
The University of Texas Rio Grande Valley,UTRGV,Vaqueros,1201 W. University Drive,Edinburg,TX,78539,9/1/1964,No,Public,Derek Matlock,I,Western Athletic Conference
University of North Carolina at Pembroke,UNCP,Braves,1 University Dr,Pembroke,NC,28372,9/1/1975,No,Public,Paul O'Neil,II,Conference Carolinas
Pennsylvania State University,PSU,Nittany Lions,201 Old Main,University Park,PA,16802,9/1/1908,No,Public,Rob Cooper,I,Big Ten Conference
University of Pennsylvania,Penn,Quakers,235 S. 33rd Street,Philadelphia,PA,19104,9/1/1906,No,Private,John Yurkow,I,The Ivy League
Pepperdine University,PU,Waves,24255 Pacific Coast Hwy.,Malibu,CA,90263,9/1/1938,No,Private,Rick Hirtensteiner,I,West Coast Conference
University of Pittsburgh,Pitt,Panthers,4200 Fifth Avenue,Pittsburgh,PA,15260,9/1/1906,No,Public,Mike Bell,I,Atlantic Coast Conference
"University of Pittsburgh, Johnstown",UPJ,"Mountain Cats, Lady Cats",450 Schoolhouse Road,Sports Center,Johnstown,PA,9/1/1975,No,Public,Todd Williams,II,Pennsylvania State Athletic Conference
Plymouth State University,PSU,Panthers,17 High St.,Plymouth,NH,03264-1595,9/1/1966,No,Public,Ryan McIntosh,III,Little East Conference
University of Portland,UP,Pilots,5000 North Willamette Blvd,Portland,OR,97203,9/1/1952,No,Private,Geoff Loomis,I,West Coast Conference
Prairie View A&M University,PVAMU,Panthers,100 University Dr.,Prairie View,TX,77446,9/1/1951,Yes,Public,Auntwan Riggins,I,Southwestern Athletic Conf.
Princeton University,PU,Tigers,1 Nassau Hall,Princeton,NJ,8544,9/1/1913,No,Private,Scott Bradley,I,The Ivy League
University of Puget Sound,UPS,Loggers,1500 North Warner,Tacoma,WA,98416-9710,9/1/1995,No,Private,Jeff Halstead,III,Northwest Conference
Purdue University,PU,Boilermakers,610 Purdue Mall,West Lafayette,IN,47907-2040,9/1/1914,No,Public,Greg Goff,I,Big Ten Conference
Queens College,New York,Knights,65-30 Kissena Boulevard,Queens,NY,11367,9/1/1960,No,Public,Chris Reardon,II,East Coast Conference
Quincy University,QU,NCAA Applications Administrators,1800 College,Quincy,IL,62301-2699,9/1/1984,No,Private,Matthew Schissel,II,Great Lakes Valley Conference
Quinnipiac University,QU,Bobcats,Mt Carmel Ave,Hamden,CT,6518,9/1/1965,No,Private,John Delaney,I,Metro Atlantic Athletic Conference
Radford University,RU,Highlanders,801 East Main St.,University PO Box 6890,Radford,VA,9/1/1981,No,Public,Alex Guerra,I,Big South Conference
Randolph-Macon College,RMC,Yellow Jackets,204 Henry Street,Ashland,VA,23005,9/1/1956,No,Private,Ray Hedrick,III,Old Dominion Athletic Conf.
Regis University,Colorado,Rangers,3333 Regis Boulevard,Denver,CO,80221-1099,9/1/1956,No,Private,Drew LaComb,II,Rocky Mountain Athletic Conference
Rensselaer Polytechnic Institute,RPI,Engineers,110 Eighth St,Troy,NY,12180,9/1/1923,No,Private,Jason Falcon,III,Liberty League
Rhode Island College,RIC,Anchormen/Anchorwomen,600 Mt. Pleasant Ave.,Providence,RI,2908,9/1/1967,No,Public,Frank Holbrook,III,Little East Conference
University of Rhode Island,URI,Rams,Green Hall,35 Campus Ave,Kingston,RI,9/1/1926,No,Public,Raphael Cerrato,I,Atlantic 10 Conference
Rice University,RU,Owls,6100 S Main Street,Houston,TX,77005,9/1/1913,No,Private,Jose Cruz Jr,I,Conference USA
University of Richmond,UR,Spiders,410 Westhampton Way,University of Richmo,VA,23173,9/1/1947,No,Private,Mik Aoki,I,Atlantic 10 Conference
Rider University,RU,Broncs,2083 Lawrenceville Road,Lawrenceville,NJ,08648-3099,9/1/1956,No,Private,Barry Davis,I,Metro Atlantic Athletic Conference
Roanoke College,RC,Maroons,221 College Lane,Salem,VA,24153,9/1/1957,No,Private,Zach Ullrich,III,Old Dominion Athletic Conf.
Rochester Institute of Technology,RIT,Tigers,1  Lomb Memorial Drive,Rochester,NY,14623-5608,9/1/1958,No,Private,Rob Grow,III,Liberty League
University of Rochester,UR,Yellowjackets,Wilson Blvd,Rochester,NY,14627,9/1/1906,No,Private,Joe Reina,III,Liberty League
Rockford University,ROCK,Regents,5050 East State Street,Rockford,IL,61108-2393,9/1/1982,No,Private,Bob Koopmann,III,Northern Athletics Collegiate Conference
Roger Williams University,RWU,Hawks,1 Old Ferry Road,Bristol,RI,2809,9/1/1974,No,Private,Kevin Kelley,III,Commonwealth Coast Conference
Rose-Hulman Institute of Technology,RHIT,Fightin' Engineers (Elephant),5500 Wabash Avenue,Terre Haute,IN,47803,9/1/1974,No,Private,Adam Rosen,III,Heartland Collegiate Athletic Conference
"Rutgers, The State University of New Jersey, New Brunswick",RU,Scarlet Knights,83 Somerset Street,New Brunswick,NJ,8903,9/1/1906,No,Public,Steve Owens,I,Big Ten Conference
"Rutgers, The State Univ. of New Jersey, Camden",RUC,Scarlet Raptors,406 Penn,Camden,NJ,8102,9/1/1956,No,Public,Ryan Kulik,III,New Jersey Athletic Conference
Sacred Heart University,SHU,Pioneers,5151 Park Avenue,Fairfield,CT,06825-1000,9/1/1970,No,Private,Pat Egan,I,Northeast Conference
Saginaw Valley State University,SVSU,Cardinals,7400 Bay Road,University Center,MI,48710,9/1/1981,No,Public,Adam Piotrowski,II,Great Lakes Intercollegiate Athletic Conference
Saint Anselm College,STA,Hawks,100 St Anselm Dr,Manchester,NH,3102,9/1/1953,No,Private,Jerod Edmondson,II,Northeast-10 Conference
St. Bonaventure University,SBU,Bonnies,3261 W State Road,Saint Bonaventure,NY,14778,9/1/1951,No,Private,Jason Rathbun,I,Atlantic 10 Conference
St. Cloud State University,SCSU,Huskies,720 4th Avenue South,St. Cloud,MN,56301-4498,9/1/1969,No,Public,Pat Dolan,II,Northern Sun Intercollegiate Conference
Saint John's University,Minnesota,Johnnies,2850 Abbey Plaza,Collegeville,MN,56321,9/1/1976,No,Private,Jerry Haugen,III,Minnesota Intercollegiate Athletic Conference
St. John's University,New York,Red Storm,8000 Utopia Parkway,Queens,NY,11439,9/1/1938,No,Private,Mike Hampton,I,Big East Conference
Saint Joseph's College,Maine,Monks,278 Whites Bridge Road,Standish,ME,04084-5263,9/1/1974,No,Private,Will Sanborn,III,Great Northeast Athletic Conference
Saint Joseph's University,SJU,Hawks,5600 City Avenue,Philadelphia,PA,19131-1395,9/1/1939,No,Private,Fritz Hamburg,I,Atlantic 10 Conference
St. Lawrence University,SLU,Saints,23 Romoda Dr,Canton,NY,13617,9/1/1929,No,Private,Kenny Collins,III,Liberty League
Saint Louis University,SLU,Billikens,1 North Grand Blvd,Saint Louis,MO,63103,9/1/1934,No,Private,Darin Hendrickson,I,Atlantic 10 Conference
Saint Mary's College of California,SMC,Gaels,1928 St. Mary's Road,Moraga,CA,94575,9/1/1961,No,Private,Greg Moore,I,West Coast Conference
Saint Mary's University of Minnesota,SMU,Cardinals,700 Terrace Heights,Winona,MN,55987-1399,9/1/1982,No,Private,Nick Winecke,III,Minnesota Intercollegiate Athletic Conference
Saint Michael's College,SMC,Purple Knights,1 Winooski Park,Colchester,VT,5439,9/1/1951,No,Private,James Neidlinger,II,Northeast-10 Conference
St. Norbert College,SNC,Green Knights,100 Grant Street,De Pere,WI,54115,9/1/1952,No,Private,Mike Wallerich,III,Northern Athletics Collegiate Conference
St. Olaf College,STO,Oles,1520 St. Olaf Avenue,Northfield,MN,55057-1098,9/1/1954,No,Private,Matt McDonald,III,Minnesota Intercollegiate Athletic Conference
Saint Peter's University,SPU,Peacocks,2641 Kennedy Blvd.,Jersey City,NJ,7306,9/1/1951,No,Private,Grant Neary,I,Metro Atlantic Athletic Conference
The College of St. Scholastica,CSS,Saints,1200 Kenwood Avenue,Duluth,MN,55811-4199,9/1/1979,No,Private,Vacant,III,Minnesota Intercollegiate Athletic Conference
University of St. Thomas,Minnesota,Tommies,2115 Summit Ave.,St. Paul,MN,55105,9/1/1964,No,Private,Chris Olean,I,The Summit League
Salisbury University,SU / SAL,Sea Gulls,1101 Camden Avenue,Salisbury,MD,21801-6860,9/1/1974,No,Public,Michael 'Troy' Brohawn,III,Coast-To-Coast Athletic Conference
Sam Houston State University,SHSU,Bearkats,1806 Ave J,Huntsville,TX,77340,9/1/1981,No,Public,Jay Sirianni,I,Western Athletic Conference
Samford University,SU,Bulldogs,800 Lakeshore Drive,Birmingham,AL,35229,9/1/1971,No,Private,Tony David,I,Southern Conference
San Diego State University,SDSU,Aztecs,5500 Campanile Drive,San Diego,CA,92182,9/1/1947,No,Public,Mark Martinez,I,Mountain West Conference
University of San Diego,USD,Toreros,5998 Alcala Park,San Diego,CA,92110-2492,9/1/1961,No,Private,Brock Ungricht,I,West Coast Conference
University of San Francisco,USF,Dons,2130 Fulton Street,San Francisco,CA,94117-1080,9/1/1941,No,Private,Rob DiToma,I,West Coast Conference
San Jose State University,SJSU,Spartans,1 Washington Square,San Jose,CA,95192,9/1/1936,No,Public,Brad Sanfilippo,I,Mountain West Conference
Santa Clara University,SCU,Broncos,500 El Camino Real,Santa Clara,CA,95053-1100,9/1/1938,No,Private,Rusty Filter,I,West Coast Conference
Savannah State University,SSU,Tigers,3219 College St,Savannah,GA,31404,9/1/1952,Yes,Public,Carlton Hardy,II,Southern Intercol. Ath. Conf.
University of Scranton,SCR,Royals/Lady Royals,800 Linden Street,Scranton,PA,18510,9/1/1951,No,Private,Mike Bartoletti,III,Landmark Conference
Seton Hall University,SHU,Pirates,400 South Orange Avenue,South Orange,NJ,7079,9/1/1946,No,Private,Rob Sheppard,I,Big East Conference
Shenandoah University,SU,Hornets,1460 University Drive,Winchester,VA,22601,9/1/1983,No,Private,Kevin Anderson,III,Old Dominion Athletic Conf.
Shippensburg University of Pennsylvania,SHIP,Raiders,1871 Old Main Drive,Shippensburg,PA,17257,9/1/1948,No,Public,Matt Jones,II,Pennsylvania State Athletic Conference
Siena College,SC,Saints,515 Loudon Road,Loudonville,NY,12211-1462,9/1/1947,No,Private,Tony Rossi,I,Metro Atlantic Athletic Conference
Simpson College,SIM,Storm,701 North C Street,Indianola,IA,50125,9/1/1970,No,Private,Nathan Roling,III,American Rivers Conference
Slippery Rock University of Pennsylvania,SRU,The Rock,1 Morrow Way,Slippery Rock,PA,16057,9/1/1950,No,Public,Jeff Messer,II,Pennsylvania State Athletic Conference
Sonoma State University,SSU,Seawolves,1801 East Cotati Avenue,Rohnert Park,CA,94928-3609,9/1/1979,No,Public,John Goelz,II,California Collegiate Athletic Association
University of South Alabama,USA,Jaguars,307 N. University Blvd,Mobile,AL,36688,9/1/1969,No,Public,Mark Calvi,I,Sun Belt Conference
"University of South Carolina, Columbia",USC,Gamecocks,Columbia Campus,Columbia,SC,29208,9/1/1936,No,Public,Mark Kingston,I,Southeastern Conference
South Dakota State University,SDSU,Jackrabbits,2820 HPER Center,Brookings,SD,57007,9/1/1951,No,Public,Robert Bishop,I,The Summit League
University of South Florida,USF,Bulls,4202 E. Fowler Avenue,ATH100,Tampa,FL,9/1/1968,No,Public,William 'Billy' Mohl,I,American Athletic Conference
University of the South,SEW,Tigers,735 University Avenue,Sewanee,TN,37383-1000,9/1/1913,No,Private,David Jenkins,III,Southern Athletic Association
Southeast Missouri State University,SEMO,Redhawks,1 University Plaza,Cape Girardeau,MO,63701-4799,9/1/1957,No,Public,Andy Sawyers,I,Ohio Valley Conference
Southeastern Louisiana University,SLU,Lions,548 Ned McGehee Avenue,Hammond,LA,70402,9/1/1965,No,Public,Bobby Barbier,I,Southland Conference
"University of Massachusetts, Dartmouth",UMD,Corsairs,285 Old Westport Road,Dartmouth,MA,02747-2300,9/1/1974,No,Public,Robert Prince,III,Little East Conference
University of Southern California,USC,Trojans,3501 Watt Way,Los Angeles,CA,90089,9/1/1927,No,Private,Andrew Stankiewicz,I,Pac-12 Conference
Southern Connecticut State University,SCSU,Owls,501 Crescent Street,New Haven,CT,6515,9/1/1961,No,Public,Tim Shea,II,Northeast-10 Conference
Southern Illinois University at Carbondale,SIUC,Salukis,Lincoln Dr,Carbondale,IL,62901,9/1/1947,No,Public,Lance Rhodes,I,Missouri Valley Conference
Southern Illinois University Edwardsville,SIUE,Cougars,70 Hairpin Dr,Edwardsville,IL,62026,9/1/1967,No,Public,Sean Lyons,I,Ohio Valley Conference
University of Southern Indiana,USI,Screaming Eagles,8600 University Blvd.,Evansville,IN,47712-3534,9/1/1974,No,Public,Tracy Archuleta,I,Ohio Valley Conference
University of Southern Maine,USM,Huskies,96 Falmouth St,Portland,ME,4103,9/1/1967,No,Public,Edward Flaherty,III,Little East Conference
The University of Southern Mississippi,USM,Golden Eagles,118 College Dr #0001,Hattiesburg,MS,39406,9/1/1952,No,Public,Scott Berry,I,Sun Belt Conference
"Southern University, Baton Rouge",SUBR,Jaguars,801 Harding Blvd,Baton Rouge,LA,70813,9/1/1951,Yes,Public,Christopher Crenshaw,I,Southwestern Athletic Conf.
Missouri State University,MSU,Bears,901 S National Ave,Springfield,MO,65897,9/1/1957,No,Public,Keith Guttin,I,Missouri Valley Conference
Texas State University,TXST,Bobcats,601 University Drive,Darren B. Casey Athletic Admin. Building,San Marcos,TX,9/1/1978,No,Public,Steven Trout,I,Sun Belt Conference
University of Louisiana at Lafayette,UL,Ragin' Cajuns,201 Reinhardt Dr,Lafayette,LA,70506,9/1/1965,No,Public,Matt Deggs,I,Sun Belt Conference
Springfield College,SPR,Pride,263 Alden Street,Springfield,MA,01109-3797,9/1/1914,No,Private,Mark A. Simeone,III,New England Women's and Men's Athletic Conference
Stanford University,SU,Cardinal,450 Serra Mall,Stanford,CA,94305,9/1/1916,No,Private,David Esquer,I,Pac-12 Conference
College of Staten Island,CSI,NCAA Applications Administrators,2800 Victory Boulevard,Staten Island,NY,10314,9/1/1977,No,Public,Mike Mauro,II,East Coast Conference
Stephen F. Austin State University,SFASU,Lumberjacks,"2008 Alumni Drive, Rusk 206",Nacogdoches,TX,75961,9/1/1981,No,Public,Johnny Cardenas,I,Western Athletic Conference
Stetson University,SU,Hatters,421 North Woodland Blvd.,DeLand,FL,32723,9/1/1952,No,Private,Steve Trimper,I,ASUN Conference
Stevens Institute of Technology,SIT,Ducks,1 Castle Point Terrace,Hoboken,NJ,7030,9/1/1908,No,Private,Kristaps Aldins,III,Middle Atlantic Conference Freedom
Stony Brook University,SBU,Seawolves,100 Nicholls Rd,Stony Brook,NY,11794,9/1/1970,No,Public,Matt Senk,I,Colonial Athletic Association
Suffolk University,SU,Rams,73 Tremont St.,Boston,MA,2108,9/1/1954,No,Private,Anthony Del Prete,III,Commonwealth Coast Conference
Susquehanna University,SUS,River Hawks,514 University Avenue,Selinsgrove,PA,17870-1025,9/1/1954,No,Private,Denny Bowers,III,Landmark Conference
Swarthmore College,SWAT,Garnet,500 College Avenue,Swarthmore,PA,19081-1397,9/1/1906,No,Private,Matt Midkiff,III,Centennial Conference
University of Tampa,UT,Spartans,401 W. Kennedy Blvd.,Box I,Tampa,FL,9/1/1971,No,Private,Joe Urso,II,Sunshine State Conference
Tennessee Technological University,TTU,Golden Eagles,#1 William L. Jones Dr,Cookeville,TN,38505,9/1/1951,No,Public,Matt Bragga,I,Ohio Valley Conference
"University of Tennessee, Knoxville",UT,Volunteers/ Lady Volunteers (Vols),527 Andy Holt Tower,Knoxville,TN,37996,9/1/1909,No,Public,Tony Vitello,I,Southeastern Conference
University of Tennessee at Martin,UTM,Skyhawks,554 University St,Martin,TN,38238,9/1/1961,No,Public,Ryan Jenkins,I,Ohio Valley Conference
Texas A&M University-Kingsville,TAMUK,"Javelinas, Hogs, Hoggies",955 University Blvd,Kingsville,TX,78363,9/1/1980,No,Public,Jason Gonzales,II,Lone Star Conference
"Texas A&M University, College Station",TAMU,Aggies,Administration Building,400 Bizzell St,College Station,TX,9/1/1917,No,Public,Jim Schlossnagle,I,Southeastern Conference
Texas Christian University,TCU,Horned Frogs,2800 South University Drive,Fort Worth,TX,76129-0001,9/1/1936,No,Private,Kirk Saarloos,I,Big 12 Conference
Texas Southern University,TSU,Tigers,3100 Cleburne Street,Houston,TX,77004,9/1/1952,Yes,Public,Michael Robertson,I,Southwestern Athletic Conf.
Texas Tech University,TTU,Red Raiders,Broadway and University Ave,Lubbock,TX,79409,9/1/1937,No,Public,Tim Tadlock,I,Big 12 Conference
University of Texas at Arlington,UTA,Mavericks/ Mavs,701 South Nedderman Drive,19079,Arlington,TX,9/1/1964,No,Public,Clay Van Hook,I,Western Athletic Conference
University of Texas at Austin,UT,Longhorns,110 Inner Campus Dr,Austin,TX,78705,9/1/1907,No,Public,David Pierce,I,Big 12 Conference
University of Texas at San Antonio,UTSA,Roadrunners,1 UTSA Circle,San Antonio,TX,78249,9/1/1981,No,Public,Patrick Hallmark,I,Conference USA
Thiel College,THI,Tomcats,75 College Ave.,Greenville,PA,16125,9/1/1954,No,Private,Joe Schaly,III,Presidents' Athletic Conference
University of Toledo,UT,Rockets,2801 W. Bancroft,Toledo,OH,43606,9/1/1941,No,Public,Rob Reinstetle,I,Mid-American Conference
Towson University,TU,Tigers,8000 York Road,Towson,MD,21252-0001,9/1/1957,No,Public,Matt Tyner,I,Colonial Athletic Association
Trinity College,Connecticut,Bantams,300 Summit Street,Hartford,CT,6106,9/1/1917,No,Private,Bryan Adamski,III,New England Small College Athletic Conference
Trinity University,Texas,Tigers,1 Trinity Place,San Antonio,TX,78212,9/1/1949,No,Private,Tim Scannell,III,Southern Collegiate Athletic Conference
Troy University,TU,Trojans,University Ave,Troy,AL,36082,9/1/1971,No,Public,Skylar Meade,I,Sun Belt Conference
Tufts University,TUF,Jumbos,419 Boston Ave,Medford,MA,2155,9/1/1906,No,Private,Paul Svagdis,III,New England Small College Athletic Conference
Tulane University,TU,Green Waves,6823 St. Charles Avenue,New Orleans,LA,70118-0000,9/1/1923,No,Private,Jay Uhlman,I,American Athletic Conference
Tuskegee University,TU,"Golden Tigers, Tigerettes, Lady Golden Tigers",1200 W Montgomery Rd,Tuskegee,AL,36088,9/1/1940,Yes,Private,Chadwich Hall,II,Southern Intercol. Ath. Conf.
U.S. Air Force Academy,USAFA,Falcons,2304 Cadet Dr,Suite 3800,USAF Academy,CO,9/1/1959,No,Public,Mike Kazlausky,I,Mountain West Conference
U.S. Military Academy,USMA,Black Knights,646 Swift Rd,West Point,NY,10996,9/1/1906,No,Public,Chris Tracz,I,Patriot League
U.S. Naval Academy,USNA,Midshipmen/ Mids,121 Blake Road,Annapolis,MD,21402-5000,9/1/1920,No,Public,Chuck Ristano,I,Patriot League
Union College,New York,Dutchmen/Dutchwomen,807 Union Street,Schenectady,NY,12308,9/1/1906,No,Private,Paul Mound,III,Liberty League
Upper Iowa University,UIU,Peacocks,605 Washington St,P.O. Box 1857,Fayette,IA,9/1/1975,No,Private,Jeremy Ische,II,Northern Sun Intercollegiate Conference
University of Utah,UofU,Utes,201 Presidents' Cir,Salt Lake City,UT,84112,9/1/1929,No,Public,Gary Henderson,I,Pac-12 Conference
Valdosta State University,VSU,"Blazers, Lady Blazers",1500 N. Patterson St.,Valdosta,GA,31698,9/1/1973,No,Public,Greg Guilliams,II,Gulf South Conference
Valparaiso University,VU,NCAA Applications Administrators,1700 Chapel Dr,Valparaiso,IN,46383,9/1/1941,No,Private,Brian Schmack,I,Missouri Valley Conference
Vanderbilt University,VU,Commodores,2101 W. End Ave,Nashville,TN,37240,9/1/1906,No,Private,Tim Corbin,I,Southeastern Conference
Villanova University,VU,Wildcats,800 Lancaster Avenue,Villanova,PA,19085-1674,9/1/1927,No,Private,Kevin Mulvey,I,Big East Conference
Virginia Commonwealth University,VCU,Rams,910 W Franklin St,Richmond,VA,23284,9/1/1971,No,Public,Bradley LeCroy,I,Atlantic 10 Conference
Virginia Military Institute,VMI,Keydets,319 Letcher Ave,Lexington,VA,24450,9/1/1923,No,Public,Sam Roberts,I,Southern Conference
Virginia Polytechnic Institute and State University,VT,Hokies,210 Burrus Dr.,800 Drillfiel Dr,Blacksburg,VA,9/1/1936,No,Public,John Szefc,I,Atlantic Coast Conference
Virginia State University,VSU,Trojans,1 Hayden Drive,9001,Petersburg,VA,9/1/1952,Yes,Public,Merrill Morgan,II,Independent
Virginia Wesleyan University,VWU,Marlins,5817 Wesleyan Drive,Virginia Beach,VA,23455,9/1/1974,No,Private,Chris Francis,III,Old Dominion Athletic Conf.
University of Virginia,UVA,Cavaliers,1827 University Ave,Charlottesville,VA,22903,9/1/1907,No,Public,Brian O'Connor,I,Atlantic Coast Conference
Wagner College,WC,Seahawks,1 Campus Rd,Staten Island,NY,10301,9/1/1950,No,Private,Craig Noto,I,Northeast Conference
Wake Forest University,WFU,Deacons,1834 Wake Forest Road,Winston-Salem,NC,27109,9/1/1936,No,Private,Tom Walter,I,Atlantic Coast Conference
Wartburg College,WAR,Knights,100 Wartburg Blvd,Waverly,IA,50677-0903,9/1/1949,No,Private,Casey Klunder,III,American Rivers Conference
Washington and Jefferson College,WJC,Presidents,60 South Lincoln Street,Washington,PA,15301,9/1/1958,No,Private,Jeff Mountain,III,Presidents' Athletic Conference
Washington and Lee University,WLU,Generals,204 W. Washington Street,Lexington,VA,24450,9/1/1912,No,Private,Ted White,III,Old Dominion Athletic Conf.
Washington College,Maryland,NCAA Applications Administrators,300 Washington Avenue,Chestertown,MD,21620-1438,9/1/1938,No,Private,Tom Fiala,III,Centennial Conference
Washington State University,WSU,Cougars,French Administration Building,Pullman,WA,99164,9/1/1926,No,Public,Vacant,I,Pac-12 Conference
Washington University in St. Louis,WashU,Bears,1 Brookings Drive,St. Louis,MO,63130-4899,9/1/1923,No,Private,Patrick Bloom,III,University Athletic Association
University of Washington,UW,Huskies,1400 NE Campus Pkwy,Seattle,WA,98195,9/1/1926,No,Public,Jason Kelly,I,Pac-12 Conference
Wayne State University,Michigan,NCAA Applications Administrators,656 W Kirby St,Detroit,MI,48202,9/1/1937,No,Public,Ryan Kelley,II,Great Lakes Intercollegiate Athletic Conference
Wentworth Institute of Technology,WIT,Leopards,550 Huntington Avenue,Boston,MA,2115,9/1/1984,No,Private,Justin Kelley,III,Commonwealth Coast Conference
Wesleyan University,Connecticut,Cardinals,45 Wyllys Ave,Middletown,CT,6459,9/1/1906,No,Private,Mark Woodworth,III,New England Small College Athletic Conference
West Chester University of Pennsylvania,WCU,Golden Rams,855 South New Street ,West Chester,PA,19383,9/1/1933,No,Public,Mike LaRosa,II,Pennsylvania State Athletic Conference
University of West Georgia,UWG,Wolves,1601 Maple St,Carrollton,GA,30118,9/1/1973,No,Public,Jeff Smith,II,Gulf South Conference
West Texas A&M University,WT,"Buffaloes, Lady Buffs, Buffs",2501 4th Ave,Canyon,TX,79016-0999,9/1/1941,No,Public,Matt Vanderburg,II,Lone Star Conference
West Virginia University,WVU,Mountaineers,Intercollegiate Athletics,PO Box 0877,Morgantown,WV,9/1/1907,No,Public,Randy Mazey,I,Big 12 Conference
Western Carolina University,WCU,Catamounts,Highway 107,Cullowhee,NC,28723,9/1/1972,No,Public,Alan Beck,I,Southern Conference
Western Illinois University,WIU,Leathernecks,1 University Circle,Macomb,IL,61455,9/1/1942,No,Public,Tayler Sheriff,I,The Summit League
Western Kentucky University,WKU,Hilltoppers/ Lady Toppers,1906 College Heights Blvd,Bowling Green,KY,42101-3576,9/1/1939,No,Public,Marc Rardin,I,Conference USA
McDaniel College,MCD,Green Terror,2 College Hill,Westminster,MD,21157-4390,9/1/1938,No,Private,Jim Carone,III,Centennial Conference
Western Michigan University,WMU,Broncos,1903 W Michigan Ave,Kalamazoo,MI,49008,9/1/1929,No,Public,Billy Gernon,I,Mid-American Conference
Westfield State University,WSU,Owls,577 Western Ave,Westfield,MA,1086,9/1/1965,No,Public,Nathan Bashaw,III,Massachusetts State Collegiate Athletic Conference
Wheaton College,Illinois,Thunder,501 College Avenue,Wheaton,IL,60187-5593,9/1/1946,No,Private,Matt Husted,III,College Conference of Illinois & Wisconsin
Wheaton College,Massachusetts,Lyons,26 East Main Street,Norton,MA,2766,9/1/1982,No,Private,Eric Podbelski,III,New England Women's and Men's Athletic Conference
Whitman College,WHM,Blues,345 Boyer Avenue,Walla Walla,WA,99362,9/1/1995,No,Private,Brian Kitamura,III,Northwest Conference
Wichita State University,WSU,Shockers,"1845 Fairmount, Campus Box 18",Wichita,KS,67260,9/1/1945,No,Public,Brian Green,I,American Athletic Conference
Widener University,WID,Pride,1 University Place,Chester,PA,19013,9/1/1921,No,Private,Kevin Burdick,III,Middle Atlantic Conference Commonwealth
Wilkes University,WU,Colonels,84 West South Street,Wilkes-Barre,PA,18766,9/1/1951,No,Private,Kevin Gryboski,III,Middle Atlantic Conference Freedom
Willamette University,WIL,Bearcats,900 State Street,Salem,OR,97301-3931,9/1/1995,No,Private,Aaron Swick,III,Northwest Conference
William & Mary,W&M,The Tribe,200 Richmond Rd,Williamsburg,VA,23187,9/1/1936,No,Public,Mike McRae,I,Colonial Athletic Association
Williams College,WIL,Ephs,880 Main St,Williamstown,MA,1267,9/1/1968,No,Private,Bill Barrale,III,New England Small College Athletic Conference
Winona State University,WSU,Warriors,175 West Mark Street,Winona,MN,55987,9/1/1977,No,Public,Seth Wing,II,Northern Sun Intercollegiate Conference
Winthrop University,WU,Eagles,701 Oakland Avenue,Rock Hill,SC,29733,9/1/1985,No,Public,Tom Riginos,I,Big South Conference
University of Wisconsin-Eau Claire,UWEC,Blugolds,105 Garfield Ave.,Eau Claire,WI,54702-4004,9/1/1986,No,Public,Charles Bolden II,III,Wisconsin Intercollegiate Athletic Conference
University of Wisconsin-La Crosse,UWL,Eagles,1725 State Street,La Crosse,WI,54601,9/1/1982,No,Public,Chris Schwarz,III,Wisconsin Intercollegiate Athletic Conference
University of Wisconsin-Milwaukee,UWM,Panthers,2200 E. Kenwood Blvd,Milwaukee,WI,53211,9/1/1959,No,Public,Scott Doffek,I,Horizon League
University of Wisconsin-Oshkosh,UWO,Titans,800 Algoma Blvd,Oshkosh,WI,54901,9/1/1974,No,Public,Kevin Tomasiewicz,III,Wisconsin Intercollegiate Athletic Conference
University of Wisconsin-Parkside,UWP,Rangers,900 Wood Road,Kenosha,WI,53141,9/1/1977,No,Public,Zac Charbonneau,II,Great Lakes Intercollegiate Athletic Conference
University of Wisconsin-Platteville,UWP,Pioneers,1 University Plaza,Platteville,WI,53818-3099,9/1/1980,No,Public,Chad Harris,III,Wisconsin Intercollegiate Athletic Conference
University of Wisconsin-Stevens Point,UWSP,Pointers,2100 Main St,Stevens Point,WI,54481,9/1/1980,No,Public,Nathanael Richter,III,Wisconsin Intercollegiate Athletic Conference
University of Wisconsin-Stout,UWS,Blue Devils,220-13th Ave East,Menomonie,WI,54751,9/1/1980,No,Public,Ben Kincaid,III,Wisconsin Intercollegiate Athletic Conference
University of Wisconsin-Superior,UWS,Yellowjackets,1605 Catlin Avenue,Superior,WI,54880-4500,9/1/1943,No,Public,Trevor Oakes,III,Upper Midwest Athletic Conference
University of Wisconsin-Whitewater,UWW,Warhawks,800 West Main Street,Whitewater,WI,53190,9/1/1980,No,Public,John Vodenlich,III,Wisconsin Intercollegiate Athletic Conference
Wittenberg University,WU,Tigers,200 W. Ward St,Springfield,OH,45504,9/1/1954,No,Private,Brian McGee,III,North Coast Athletic Conference
Wright State University,WSU,Raiders,3640 Colonel Glenn Hwy,Dayton,OH,45435,9/1/1972,No,Public,Alex Sogard,I,Horizon League
Xavier University,XU,Musketeers,3800 Victory Parkway,Cincinnati,OH,45207-7530,9/1/1954,No,Private,Billy O'Conner,I,Big East Conference
Yeshiva University,YU,Maccabees,500 West 185th Street,New York,NY,10033-3201,9/1/1956,No,Private,Marty Craft,III,Skyline Conference
York College,Pennsylvania,Spartans,441 Country Club Rd,York,PA,17403-3651,9/1/1969,No,Private,Mike Scappa,III,Middle Atlantic Conference Commonwealth
Youngstown State University,YSU,Penguins,1 University Plaza,Youngstown,OH,44555,9/1/1946,No,Public,Dan Bertolini,I,Horizon League
Adams State University,ASU,Grizzlies,208 Edgemont,Alamosa,CO,81101,9/1/1990,No,Public,Bruce DelTondo,II,Rocky Mountain Athletic Conference
Alderson Broaddus University,AB,Battlers,101 College Hill Drive,CAMPUS BOX  2062,Philippi,WV,9/1/1994,No,Private,Zac Mishler,II,Mountain East Conference
Alvernia University,AU,Golden Wolves,400 Saint Bernardine Street,Reading,PA,19607,9/1/1994,No,Private,Yogi Lutz,III,Middle Atlantic Conference Commonwealth
Anderson University,Indiana,Ravens,1100 East Fifth Street,Anderson,IN,46012-3495,9/1/1992,No,Private,Matthew Bair,III,Heartland Collegiate Athletic Conference
Arkansas Tech University,Tech,"Wonder Boys, Golden Suns",1509 N Boulder Ave,Russellville,AR,72801,9/2/1994,No,Public,Dave Dawson,II,Great American Conference
Austin College,AC,Roos,900 North Grand Avenue,Sherman,TX,75090-4400,9/2/1994,No,Private,Shawn Counts,III,Southern Collegiate Athletic Conference
Clarks Summit University,CSU,Defenders,538 Venard Road,Clarks Summit,PA,18411,9/1/1996,No,Private,Josh Knight,III,Colonial States Athletic Conference
Arcadia University,AU,Knights,450 South Easton Road,Glenside,PA,19038-3295,9/1/1993,No,Private,Bryan Torresani,III,Middle Atlantic Conference Freedom
Bloomfield College,BC,Bears,467 Franklin Street,Bloomfield,NJ,7003,9/1/1998,No,Private,Jack Winters,II,Central Atlantic Collegiate Conference
Bluefield State University,BSU,Big Blue,219 Rock Street,Bluefield,WV,24701,9/1/1993,Yes,Public,Andrew Bailey,II,Independent
Bluffton University,BU,Beavers,1 University Drive,Bluffton,OH,45817-2104,9/1/1990,No,Private,James Grandey,III,Heartland Collegiate Athletic Conference
Caldwell University,CU,Cougars,120 Bloomfield Avenue,Caldwell,NJ,07006-6195,9/1/1998,No,Private,Hasani Whitifield,II,Central Atlantic Collegiate Conference
Cameron University,CU,Aggies,2800 W. Gore Blvd.,Lawton,OK,73505-6377,9/1/1988,No,Public,Kyle Wiliams,II,Lone Star Conference
