School,Nickname,Color1,Color2,Color3,Color4
Ada Forest Hills Eastern,Hawks,Crimson , Black,,
Addison,Panthers,Black , Red,,
Adrian,Maples,Royal Blue , White,,
Adrian Lenawee Christian,Cougars,Royal Blue,White,Scarlet,
Adrian Madison,Trojans,Blue , Gold,,
Akron-Fairgrove,Vikings,Kelly Green , White,,
Alanson,Vikings,Blue , Gold,,
Alba,Wildcats,Red , White,,
Alcona,Tigers,Blue , Gold,,
Algonac,Muskrats,Blue , Gold,,
Allegan,Tigers,Orange , Black,,
Allen Park,Jaguars,Forest Green,White,,
Allen Park Cabrini,Monarchs,Navy , Gold,,
Allen Park Inter-City Baptist,Chargers,Purple , Gold,,
Allendale,Falcons,Scarlet Red , White,,
Alma,Panthers,Orange , Black,,
Almont,Raiders,Orange , Black,,
Alpena,Wildcats,Green , White,,
Ann Arbor Central Academy,Falcons,Royal Blue , White,,
Ann Arbor Father Gabriel Richard,Irish,Green , White,,
Ann Arbor Greenhills,Gryphons,Navy , Forest,,
Ann Arbor Huron,River Rats,Green , Gold,,
Ann Arbor Pioneer,Pioneers,Purple , White,,
Ann Arbor Rudolf Steiner,Storm,Navy Blue , White,,
Ann Arbor Skyline,Eagles,Columbia Blue , White,,
Armada,Tigers,Orange , Black,,
Ashley,Bears,Royal Blue , Gold,,
Athens,Indians,Purple , White,,
Atlanta,Huskies,Green , White,,
Au Gres-Sims,Wolverines,Maroon , Gold,,
Auburn Hills Avondale,Yellow Jackets,Purple , Gold,,
Auburn Hills Christian,Cougars,Burgundy , Gray,,
Auburn Hills Oakland Christian,Lancers,Forest Green , Vegas Gold,,
Bad Axe,Hatchets,Blue , Gold,,
Baldwin,Panthers,Blue , Gold,,
Bangor,Vikings,Scarlet , White,,
Baraga,Vikings,Purple , Gold,,
Bark River-Harris,Broncos,Navy , Gold,,
Bath,Fighting Bees,Royal Blue,White,Gray,
Battle Creek Calhoun Christian,Cougars,Navy Blue , Orange,,
Battle Creek Central,Bearcats,Navy Blue , Gold,,
Battle Creek Harper Creek,Beavers,Royal Blue , White,,
Battle Creek Lakeview,Spartans,Purple , White,,
Battle Creek Pennfield,Panthers,Green , White,,
Battle Creek St Philip,Fighting Tigers,Red , White,,
Bay City Academy,Lumberjacks,Red,White,Blue,
Bay City All Saints,Cougars,Columbia Blue , White,,
Bay City Central,Wolves,Purple , Gold,,
Bay City John Glenn,Bobcats,Blue , White,,
Bay City Western,Warriors,Brown , Gold,,
Beal City,Aggies,Blue , White,,
Bear Lake,Lakers,Red , White,,
Beaver Island,Islanders,Green , White,,
Beaverton,Beavers,Red , White,,
Belding,Black Knights,Orange , Black,,
Bellaire,Eagles,Red , Black,,
Belleville,Tigers,Orange , Black,,
Bellevue,Broncos,Red , White,,
Benton Harbor,Tigers,Orange , Black,,
Benton Harbor Countryside Academy,Cougars,Blue , White,,
Benton Harbor Dream Academy,Toros,Red,White,Black,
Benzie Central,Huskies,Red , White,,
Berkley,Bears,Maroon , Blue,,
Berrien Springs,Shamrocks,Green , White,,
Bessemer,Speedboys/Speedgirls,Navy Blue , Gold,,
Big Rapids,Cardinals,Red , Blue,,
Big Rapids Crossroads Academy,Cougars,Red,White,Blue,
Birch Run,Panthers,Blue , Gold,,
Birmingham Groves,Falcons,Green , White,,
Birmingham Seaholm,Maples,Maroon , White,,
Blanchard Montabella,Mustangs,Navy Blue , White,,
Blissfield,Royals,Purple , Gold,,
Bloomfield Hills,Black Hawks,Black,Purple,Silver,
Bloomfield Hills Academy of the Sacred Heart,Gazelles,"Navy, Gold, ", White,,
Bloomfield Hills Brother Rice,Warriors,Orange , Black,,
Bloomfield Hills Cranbrook Kingswood,Cranes,Blue , Green,,
Bloomfield Hills Marian,Mustangs,Royal , Gold,,
Bloomfield Hills Roeper,Roughriders,Red,White,Black,
Bloomingdale,Cardinals,Red , White,,
Boyne City,Ramblers,Scarlet , Navy,,
Boyne City Concord Academy,Kestrels,Dark Green , Gold,,
Boyne Falls,Loggers,Green , White,,
Breckenridge,Huskies,Blue , Gold,,
Brethren,Bobcats,Columbia Blue,Navy,White,
Bridgeport,Bearcats,Red,Gold,White,
Bridgman,Bees,Orange , Navy,,
Brighton,Bulldogs,Orange , Black,,
Brighton Charyl Stockwell Prep,Sentinels,Burgundy , White,,
Brimley,Bays,Royal Blue , White,,
Brimley Ojibwe Charter,Eagles,Black,Red,White,
Britton Deerfield,Patriots,Red,White,Navy Blue,
Bronson,Vikings,Purple , Gold,,
Brooklyn Columbia Central,Golden Eagles,Blue , Gold,,
Brown City,Green Devils,Green , White,,
Brownstown Woodhaven,Warriors,Purple , White,,
Buchanan,Bucks,Maroon , White,,
Buckley,Bears,Royal Blue , Gold,,
Burr Oak,Bobcats,Royal Blue , White,,
Burt Lake Northern Michigan Christian,Eagles,Blue , White,,
Burton Atherton,Wolverines,Black,White,Silver,
Burton Bendle,Tigers,Blue , Gold,,
Burton Bentley,Bulldogs,Red , White,,
Burton Faithway Christian,Lions,Red , White,,
Burton Madison Academy,Eagles,Burgundy , Blue,,
Burton St Thomas More Academy,Crusaders,Navy Blue , White,,
Byron,Eagles,Purple , Gold,,
Byron Center,Bulldogs,Orange , Black,,
Byron Center Charter,Golden Eagles,Navy Blue , White,,
Byron Center Zion Christian,Mountaineers,Blue , Gray,,
Cadillac,Vikings,Blue , Gold,,
Caledonia,Fighting Scots,Purple , Gold,,
Calumet,Copper Kings,Blue , Grey,,
Camden-Frontier,Redskins,Red , White,,
Canton,Chiefs,Scarlet , White,,
Canton Prep,Chargers,Gold,Silver,Black,
Capac,Chiefs,Gold , Blue,,
Carleton Airport,Jets,Navy Blue , Gold,,
Carney-Nadeau,Wolves,Green , Gold,,
Caro,Tigers,Purple , White,,
Carrollton,Cavaliers,Red,Black,White,
Carson City-Crystal,Eagles,Royal Blue , Gold,,
Carsonville-Port Sanilac,Tigers,Blue , Gold,,
Caseville,Eagles,Red , White,,
Cass City,Red Hawks,Maroon , White,,
Cassopolis,Rangers,Blue , White,,
Cedar Springs,Red Hawks,Red , White,,
Cedarville,Trojans,Dark Green , White,,
Center Line,Panthers,Orange , Black,,
Central Lake,Trojans,Royal Blue , Orange,,
Central Montcalm,Hornets,Green , White,,
Centreville,Bulldogs,Blue , Gold,,
Charlevoix,Rayders,Maroon , White,,
Charlotte,Orioles,Orange , Black,,
Chassell,Panthers,Blue , Gold,,
Cheboygan,Chiefs,Orange , Black,,
Chelsea,Bulldogs,Blue , Gold,,
Chesaning,Indians,Orange , Black,,
Chesterfield Austin Catholic,Crusaders,Navy , Silver,,
Clare,Pioneers,Green , White,,
Clarkston,Wolves,Blue , Gold,,
Clarkston Everest Collegiate,Mountaineers,Black , Gold,,
Clawson,Trojans,Blue , Gold,,
Climax-Scotts,Panthers,Blue , Gold,,
Clinton,Redskins,Red , Black,,
Clinton Township Chippewa Valley,Big Reds,Red , White,,
Clinton Township Clintondale,Dragons,Blue , Gold,,
Clio,Mustangs,Orange , Black,,
Coldwater,Cardinals,Red , White,,
Coldwater Pansophia Academy,Pumas,Green , White,,
Coleman,Comets,Blue , White,,
Coloma,Comets,Forest Green , Gold,,
Colon,Magi,Red , White,,
Comstock,Colts,Carolina Blue , White,,
Comstock Park,Panthers,Green , Gold,,
Concord,Yellow Jackets,Purple , Gold,,
Concord Academy of Petoskey,None,Forrest Green,White,Maroon,
Constantine,Falcons,Red,White,,
Cooks Big Bay de Noc,Black Bears,Black , White,,
Coopersville,Broncos,Green , White,,
Corunna,Cavaliers,Black , Gold,,
Covert,Bulldogs,Navy Blue , Gold,,
Croswell-Lexington,Pioneers,Royal Blue , White,,
Crystal Falls Forest Park,Trojans,Red , Black,,
Dansville,Aggies,Black,White,Gold,
Davison,Cardinals,Maroon , Gold,,
Dearborn,Pioneers,Orange , Black,,
Dearborn Advanced Tech Academy,Lakers,Royal , Gold,,
Dearborn Divine Child,Falcons,Red , Gray,,
Dearborn Edsel Ford,Thunderbirds,Black , White,,
Dearborn Fordson,Tractors,Maize,Blue,,
Dearborn Heights Annapolis,Cougars,Blue , Gold,,
Dearborn Heights Crestwood,Chargers,Navy Blue , Gold,,
Dearborn Heights Robichaud,Bulldogs,Red,Black,White,
Dearborn Heights Star International,Falcons,Blue , Gold,,
Dearborn Heights WISE Academy,Lions,Navy Blue , Gold,,
Dearborn Henry Ford Academy,Navigators,Royal Blue , Silver,,
Dearborn Riverside Academy West,Wildcats,Black , Silver,,
Decatur,Raiders,Brown , Gold,,
Deckerville,Eagles,Maroon , Gold,,
Delton Kellogg,Panthers,Maroon , White,,
DeTour,Raiders,Red , White,,
Detroit Academy of the Americas,Tigers,Columbia Blue,White,Navy,
Detroit Benjamin Carson Science & Medicine,Blue Jays,Green,Blue,,
Detroit Cass Tech,Technicians,Forest Green , White,,
Detroit Catholic Central,Shamrocks,Royal Blue , White,,
Detroit Central,Trail Blazers,Navy Blue , White,,
Detroit Cesar Chavez Academy,Aztec Eagles,Navy Blue,Red,White,
Detroit Cody,Comets,Green , Gray,,
Detroit Collegiate Prep,Colts,Red , Gray,,
Detroit Communication Media Arts,Pharaohs,Purple,Black,White,
Detroit Community,Hurricanes,Black,Red,Silver,
Detroit Cornerstone Health & Technology,Wolves,Blue , White,,
Detroit Country Day,Yellowjackets,Blue , Gold,,
Detroit Cristo Rey,Wolves,Green , Vegas Gold,,
Detroit Davis Aerospace,Aviators,Maroon , Gold,,
Detroit Denby,Tars,Blue , Gold,,
Detroit Douglass,Hurricanes,Orange , Green,,
Detroit East English,Bulldogs,Maize , Blue,,
Detroit Edison,Pioneers,Red,Black,White,
Detroit Frontier International,Frontier Knights,Black,Red,,
Detroit Henry Ford,Trojans,Brown , Gold,,
Detroit International Academy,Pink Panthers,Pink , Black,,
Detroit Jalen Rose Leadership Academy,Jaguars,Navy Blue , Gold,,
Detroit Leadership Academy,Cougars,Red , Black,,
Detroit Lincoln-King Academy,Hawks,Blue,Gray,Black,
Detroit Loyola,Bulldogs,Blue , White,,
Detroit Martin Luther King,Crusaders,Black , Gold,,
Detroit Mumford,Mustangs,Blue , Burgundy,,
Detroit Old Redford,Ravens,Red,Black,White,
Detroit Osborn,Knights,Red,White,,
Detroit Pershing,Doughboys,Royal Blue , Gold,,
Detroit Public Safety Academy,Eagles,Red,White,Blue,
Detroit Renaissance,Phoenix,Burgundy , White,,
Detroit School of Arts,Achievers,Black , Gold,,
Detroit Southeastern,Jungaleers,Purple , White,,
Detroit The School at Marygrove,,Navy , Honey,,
Detroit U-D Jesuit,Cubs,Maroon , White,,
Detroit Universal Academy,Eagles,Royal Blue , Gold,,
Detroit University Prep,Panthers,Black,Red,White,
Detroit University Prep Art & Design,Mustangs,Royal Blue,White,Black,
Detroit University Prep Science & Math,Cobras,Royal Blue,Black,White,
Detroit Voyageur Prep,Cougars,Carolina Blue , Navy Blue,,
Detroit West Side Academy,Panthers,Black , Silver,,
Detroit Western,Cowboys/Cowgirls,Red , White,,
Detroit Westside Christian,Warriors,Black,Red,White,
DeWitt,Panthers,Blue , Gold,,
Dexter,Dreadnaughts,Maroon , Gold,,
Dollar Bay,Blue Bolts,Royal Blue , White,,
Dowagiac,Chieftains,Orange , Black,,
Dryden,Cardinals,Red , Black,,
Dundee,Vikings,Royal Blue , White,,
Durand,Railroaders,Blue , White,,
East Grand Rapids,Pioneers,Blue , Gold,,
East Jackson,Trojans,Navy Blue , White,,
East Jordan,Red Devils,Red , Black,,
East Kentwood,Falcons,Red , Black,,
East Lansing,Trojans,Blue , White,,
Eastpointe,Shamrocks,Green , White,,
Eaton Rapids,Greyhounds,Maroon , White,,
Eau Claire,Fighting Beavers,Maroon , White,,
Eben Junction Superior Central,Cougars,Blue , Silver,,
Ecorse,Red Raiders,Red , White,,
Edwardsburg,Eddies,Orange , Royal Blue,,
Elk Rapids,Elks,Orange , Black,,
Elkton-Pigeon-Bay Port Laker,Lakers,Green , White,,
Ellsworth,Lancer,Black , White,,
Engadine,Eagles,Green , Gold,,
Erie Mason,Eagles,Blue , Gold,,
Escanaba,Eskymos,Orange , Black,,
Essexville Garber,Dukes,Carolina Blue , White,,
Evart,Wildcats,Royal Blue , Gold,,
Ewen-Trout Creek,Panthers,Black,White,Gold,
Fairview,Eagles,Maroon , Gold,,
Farmington,Falcons,Blue , White,,
Farmington Hills Mercy,Marlins,Maroon , Gold,,
Farwell,Eagles,Purple , Gold,,
Felch North Dickinson,Nordics,Maroon , White,,
Fennville,Blackhawks,Black , Orange,,
Fenton,Tigers,Orange , Black,,
Ferndale,Eagles,Brown, White,Gold,
Ferndale University,Driving Eagles,Gold , Black,,
Fife Lake Forest Area,Warriors,Forest Green , Gold,,
Flat Rock,Rams,Green , Gold,,
Flint Beecher,Bucs,Red , White,,
Flint Carman-Ainsworth,Cavaliers,Royal Blue , Gray,,
Flint Hamady,Hawks,Columbia Blue , White,,
Flint Kearsley,Hornets,Royal Blue , Gold,,
Flint Michigan School For The Deaf,Tartars,Navy Blue , White,,
Flint New Standard Academy,Spartans,Navy , Orange,,
Flint Powers Catholic,Chargers,Blue , Orange,,
Flint Southwestern,Jaguars,Black , Teal,,
Flushing,Raiders,Orange , Black,,
Fowler,Eagles,Blue , White,,
Fowlerville,Gladiators,Purple , Gold,,
Frankenmuth,Eagles,Red , Gray,,
Frankfort,Panthers,Purple , Gold,,
Fraser,Ramblers,Navy Blue , Gold,,
Freeland,Falcons,Green , White,,
Fremont,Packers,Red , White,,
Fruitport,Trojans,Navy , White,,
Fruitport Calvary Christian,Eagles,Blue , White ,,
Fulton,Pirates,Blue , Gold,,
Galesburg-Augusta,Rams,Cardinal , Gold,,
Garden City,Cougars,Royal , Orange,,
Gaylord,Blue Devils,Blue , Gold,,
Gaylord St Mary,Snowbirds,Blue , White,,
Genesee,Wolves,Green , White,,
Genesee Christian,Soldiers,Royal Blue , White,,
Gibraltar Carlson,Marauders,Royal Blue , White,,
Gladstone,Braves,Purple , White,,
Gladwin,Flying G's,Royal Blue , White,,
Gobles,Tigers,Blue , Orange,,
Goodrich,Martians,Blue , Gold,,
Grand Blanc,Bobcats,Red , Black,,
Grand Haven,Buccaneers,Blue , Gold,,
Grand Ledge,Comets,Blue , Gold,,
Grand Rapids Catholic Central,Cougars,Royal Blue , White,,
Grand Rapids Christian,Eagles,Columbia Blue , Black,,
Grand Rapids Covenant Christian,Chargers,Black , Gold,,
Grand Rapids Forest Hills Central,Rangers,Forest Green , White,,
Grand Rapids Forest Hills Northern,Huskies,Columbia Blue,Black,White,
Grand Rapids Hope Academy of West Michigan,Hawks,Black , Green,,
Grand Rapids Kenowa Hills,Knights,Black , Gold,,
Grand Rapids NorthPointe Christian,Mustangs,Royal,White,Gold,
Grand Rapids Northview,Wildcats,Red , White,,
Grand Rapids Ottawa Hills,Bengals,Orange , Black,,
Grand Rapids South Christian,Sailors,Navy , White,,
Grand Rapids Union,Red Hawks,Red , White,,
Grand Rapids Wellspring Prep,Wolves,Maroon , Grey,,
Grand Rapids West Catholic,Falcons,Green , White,,
Grand Rapids West Michigan Aviation Academy,Aviators,Orange , Royal Blue,,
Grand Traverse Academy,Mustangs,Navy , White,,
Grandville,Bulldogs,Maroon , White,,
Grandville Calvin Christian,Squires,Green , Gold,,
Grant,Tigers,Orange , Black,,
Grass Lake,Warriors,Navy , White,,
Grayling,Vikings,Green , White,,
Greenville,Yellow Jackets,Purple , Gold,,
Grosse Ile,Red Devils,Scarlet , Gray,,
Grosse Pointe North,Norsemen,Green , Gold,,
Grosse Pointe South,Blue Devils,Blue , Gold,,
Grosse Pointe Woods University Liggett,Knights,Red , Navy,,
Gwinn,Modeltowners,Black , Gold,,
Hale,Eagles,Navy , White,,
Hamilton,Hawkeyes,Black , Gold,,
Hamtramck,Cosmos,Maroon , White,,
Hancock,Bulldogs,Crimson , Gold,,
Hannahville Nah Tah Wahsh,Soaring Eagles,Black , White,,
Hanover-Horton,Comets,Red , White,,
Harbor Beach,Pirates,Orange , Black,,
Harbor Springs,Rams,Orange , Black,,
Harbor Springs Harbor Light Christian,Swordsmen,Maroon , Gray,,
Harper Woods,Pioneers,Maroon , White,,
Harper Woods Chandler Park,Eagles,Navy Blue , White,,
Harrison,Hornets,Blue , Gold,,
Harrison Township L'Anse Creuse,Lancers,Blue , White,,
Hart,Pirates,Red , White,,
Hartford,Indians,Green , White,,
Hartland,Eagles,Blue , Gold,,
Haslett,Vikings,Blue , Gold,,
Hastings,Saxons,Navy Blue , Gold,,
Hazel Park,Vikings,Maroon , Grey,,
Hemlock,Huskies,Navy , White,,
Hesperia,Panthers,Green , White,,
Hillman,Tigers,Orange , Black,,
Hillsdale,Hornets,Maize , Blue,,
Hillsdale Academy,Colts,Navy , White,,
Hillsdale Will Carleton Academy,Cougars,Green,White,Gold,
Holland,Dutch,Red , White,,
Holland Black River,Rats,Black , Hunter Green,,
Holland Calvary,Crusaders,Green , White,,
Holland Christian,Maroons,Maroon , White,,
Holland West Ottawa,Panthers,Black , White,,
Holly,Bronchos,Red , White,,
Holt,Rams,Brown , Gold,,
Holton,Red Devils,Red , White,,
Homer,Trojans,Orange , Black,,
Hope of Detroit Academy,Warriors,Blue , Gold,,
Hopkins,Vikings,Royal Blue , White,,
Houghton,Gremlins,Orange , Black,,
Houghton Lake,Bobcats,Green , White,,
Howard City Tri County,Vikings,Black , Gold,,
Howell,Highlanders,Green , Vegas Gold,,
Hudson,Tigers,Orange , Black,,
Hudsonville,Eagles,Maize , Blue,,
Hudsonville Libertas Christian,Phoenix,Maroon , White,,
Hudsonville Unity Christian,Crusaders,Navy , White,,
Ida,Bluestreaks,Royal Blue , Gold,,
Imlay City,Spartans,Royal Blue , Athletic Gold,,
Indian River Inland Lakes,Bulldogs,Blue , White,,
Inkster American International Academy,Vikings,Burgundy , Gray,,
International Academy of Flint,Phoenix,Black,Maroon,White,
Ionia,Bulldogs,Royal Blue , White,,
Iron Mountain,Mountaineers,Black , Gold,,
Ironwood,Red Devils,Red , White,,
Ishpeming,Hematites,Blue , White,,
Ishpeming Westwood,Patriots,Red,White,Blue,
Ithaca,Yellowjackets,Blue , Gold,,
Jackson,Vikings,Orange,Black,White,
Jackson Christian,Royals,Purple,White,Black,
Jackson Lumen Christi,Titans,Forest Green , Gold,,
Jackson Northwest,Mounties,Red , Black,,
Jackson Prep,Falcons,Black,Maroon,Gold,
Jenison,Wildcats,"Green, White, ", Grey,,
Johannesburg-Lewiston,Cardinals,Red , White,,
Jonesville,Comets,Orange , Black,,
Kalamazoo Central,Maroon Giants,Maroon , White,,
Kalamazoo Christian,Comets,Purple , Gold,,
Kalamazoo Hackett Catholic Prep,Irish,Green,White,,
Kalamazoo Heritage Christian,Eagles,Navy Blue , White,,
Kalamazoo Lakeside Academy,Titans,Texas Orange , White,,
Kalamazoo Loy Norrix,Knights,Navy , White,,
Kalamazoo Phoenix,Fury,Forest Green , White,,
Kalkaska,Blazers,Blue , White,,
Kent City,Eagles,Scarlet , White,,
Kentwood Grand River Prep,Titans,Navy Blue , White,,
Kimball Landmark Academy,Lakers,Royal Blue,White,Black,
Kimball New Life Christian,Knights,Red , White,,
Kinde North Huron,Warriors,Blue , Gold,,
Kingsford,Flivvers,Maize , Blue,,
Kingsley,Stags,Orange , Black,,
Kingston,Cardinals,Red , Black,,
Kinross Maplewood Baptist,Black Bears,Forest Green,Silver,Black,
Laingsburg,Wolfpack,Red , White,,
Lake City,Trojans,Red , Black,,
Lake Fenton,Blue Devils,Royal Blue , White,,
Lake Leelanau St Mary,Eagles,Royal Blue , White,,
Lake Linden-Hubbell,Lakes,Navy , Gold,,
Lake Odessa Lakewood,Vikings,Navy Blue , White,,
Lake Orion,Dragons,Green , White,,
Lakeview,Wildcats,Navy , Vegas Gold,,
L'Anse,Purple Hornets,Purple , White,,
Lansing Catholic,Cougars,Columbia Blue , Silver,,
Lansing Christian,Pilgrims,Black , Gold,,
Lansing Eastern,Quakers,Blue , Gold,,
Lansing Everett,Vikings,Red , Blue,,
Lansing Martin Luther,Mavericks,Black,Gold,Silver,
Lansing New Covenant Christian,Warriors,Red , Black,,
Lansing Sexton,Big Reds,Red , White,,
Lansing Waverly,Warriors,Black , Gold,,
Lapeer,Lightning,Blue , Green,,
Lawrence,Tigers,Purple , White,,
Lawton,Blue Devils,Royal Blue , Gold,,
Leland,Comets,Purple , Gold,,
LeRoy Pine River,Bucks,Green , White,,
Leslie,Blackhawks,Orange , Black,,
Lincoln Park,Railsplitters,Royal Blue , Orange,,
Linden,Eagles,Red,Black,White,
Litchfield,Terriers,Red , White,,
Livingston Christian,Falcons,Red,White,Navy Blue,
"Livingston Classical Academy
Livonia Churchill",Chargers,Red , Black,,
Livonia Clarenceville,Trojans,Red , Gray,,
Livonia Franklin,Patriots,Red , Blue,,
Livonia Stevenson,Spartans,Blue , White,,
Lowell,Red Arrows,Red , White,,
Ludington,Orioles,Orange , Black,,
Lutheran Westland,Warriors,Black , White,,
Mackinac Island,Lakers,Royal Blue , White,,
Mackinaw City,Comets,Blue , White,,
Macomb Dakota,Cougars,Green,Navy,Gray,
Macomb L'Anse Creuse North,Crusaders,Black , Vegas Gold,,
Macomb Lutheran North,Mustangs,Black , Gold,,
Madison Heights Bishop Foley,Ventures,Black,Gold,White,
Madison Heights Lamphere,Rams,Blue , White,,
Madison Heights Madison,Eagles,Purple , Gold,,
Mancelona,Ironmen,Orange , Black,,
Mancelona North Central Academy,Hawks,Green , Gold,,
Manchester,Flying Dutchmen,Maroon , Gold,,
Manistee,Chippewas,Navy , Gold,,
Manistee Catholic Central,Sabers,Red,White,Blue,
Manistique,Emeralds,Green , White,,
Manton,Rangers,Orange , Black,,
Maple City Glen Lake,Lakers,Black,White,Gold,
Marcellus,Wildcats,Orange , Black,,
Marcellus Howardsville Christian,Eagles,Red , White,,
Marine City,Mariners,Orange , Black,,
Marine City Cardinal Mooney,Cardinals,Red,White,Black,
Marion,Eagles,Maroon , White,,
Marlette,Red Raiders,Red , White,,
Marquette,Redmen/Redettes,Red , White,,
Marquette North Star Academy,Polar Bears,Teal , Black,,
Marshall,Redhawks,Red , Black,,
Marshall Academy,Griffons,Blue , Yellow,,
Martin,Clippers,Maroon , White,,
Marysville,Vikings,Navy , White,,
Mason,Bulldogs,Blue , Red,,
Mason County Central,Spartans,Royal Blue , Gold,,
Mason County Eastern,Cardinals,Scarlet , Gold,,
Mattawan,Wildcats,Blue , Gold,,
Mayville,Wildcats,Maroon , White,,
McBain,Ramblers,Green , Gold,,
McBain Northern Michigan Christian,Comets,Maroon , White,,
Melvindale,Cardinals,Red , White,,
Melvindale Academy for Business & Tech,Gators,Blue , Gold,,
Memphis,Yellowjackets,Blue , Gold,,
Mendon,Hornets,Green , White,,
Menominee,Maroons,Maroon , White,,
Merrill,Vandals,Orange , Black,,
Mesick,Bulldogs,Orange , Black,,
Michigan Center,Cardinals,Red , Grey,,
Middleville Thornapple Kellogg,Trojans,Orange , Black,,
Midland,Chemics,Blue , Gold,,
Midland Bullock Creek,Lancers,Black , Gold,,
Midland Calvary Baptist,Kings,Purple,Gold,White,
Midland Dow,Chargers,Green , Gold,,
Milan,Big Reds,Red , Black,,
Milford,Mavericks,Cardinal , White,,
Millington,Cardinals,Red , White,,
Mio,Thunderbolts,Blue , Gold,,
Monroe,Trojans,Red , White,,
Monroe Jefferson,Bears,Royal Blue , Gold,,
Monroe St Mary Catholic Central,Falcons/Kestrels,Green , Gold,,
Montague,Wildcats,Royal , White,,
Montrose,Rams,Red , Black,,
Morenci,Bulldogs,Maroon , White,,
Morley Stanwood,Mohawks,Blue , Gold,,
Morrice,Orioles,Orange , Black,,
Mount Clemens,Battling Bathers,Red , Gray,,
Mount Pleasant,Oilers,Blue , Gold,,
Mount Pleasant Sacred Heart,Irish,Red,White,Green,
Mt Morris,Panthers,Navy , White,,
Munising,Mustangs,Orange , Black,,
Muskegon,Big Reds,Cardinal , White,,
Muskegon Catholic Central,Crusaders,Green , Gold,,
Muskegon Heights Academy,Tigers,Orange , Black,,
Muskegon Mona Shores,Sailors,Navy Blue,Columbia,White,
Muskegon Oakridge,Eagles,Blue , White,,
Muskegon Orchard View,Cardinals,Red , Gray,,
Muskegon Reeths-Puffer,Rockets,Green , White,,
Muskegon Western Michigan Christian,Warriors,Forest Green , White,,
Napoleon,Pirates,Green , White,,
Negaunee,Miners,Maize , Blue,,
New Baltimore Anchor Bay,Tars,Red , White,,
New Boston Huron,Chiefs,Red , White,,
New Buffalo,Bison,Royal Blue , Gold,,
New Haven,Rockets,Green , White,,
New Haven Merritt Academy,Mustangs,Royal Blue,White,,
New Lothrop,Hornets,Black , White,,
Newaygo,Lions,Black , White,,
Newberry,Indians,Orange , Black,,
Niles,Vikings,Navy Blue , Vegas Gold,,
Niles Brandywine,Bobcats,Maroon , Gold,,
North Adams-Jerome,Rams,Green , White,,
North Branch,Broncos,Blue , White,,
North Farmington,Raiders,Brown , Gold,,
North Muskegon,Norsemen,Blue , Gold,,
Northport,Wildcats,Blue , Gold,,
Northville,Mustangs,Orange , Black,,
Norway,Knights,Navy , White,,
Novi,Wildcats,Green , White,,
Novi Christian Academy,Warriors,Maroon , White,,
Oak Park,Knights,Red,White,Black,
Ogemaw Heights,Falcons,Brown , Gold,,
Okemos,Chiefs,Maroon , White,,
Olivet,Eagles,Green , White,,
Onaway,Cardinals,Red , White,,
Onekama,Portagers,Royal Blue , Vegas Gold,,
Onsted,Wildcats,Purple , Gold,,
Ontonagon,Gladiators,Maroon , White,,
Orchard Lake St Mary's,Eaglets,Red , White,,
Ortonville Brandon,Blackhawks,Royal Blue , White,,
Oscoda,Owls,Royal Blue , White,,
Otisville LakeVille Memorial,Falcons,Black , Gold,,
Otsego,Bulldogs,Navy Blue , Vegas Gold,,
Ottawa Lake Whiteford,Bobcats,Blue , Gold,,
Ovid-Elsie,Marauders,Blue , Gold,,
Owendale-Gagetown,Bulldogs,Scarlet , Grey,,
Owosso,Trojans,Blue , Gold,,
Oxford,Wildcats,Navy Blue , Gold,,
Painesdale Jeffers,Jets,Green , White,,
Paradise Whitefish Township,Rockets,Blue , White,,
Parchment,Panthers,Maroon , White,,
Parma Western,Panthers,Maroon,White,Gold,
Paw Paw,Redskins,Red , White,,
Peck,Pirates,Red , White,,
Pellston,Hornets,Brown , Gold,,
Pentwater,Falcons,Purple , Gold,,
Perry,Ramblers,Red , White,,
Petersburg Summerfield,Bulldogs,Black , Orange,,
Petoskey,Northmen,Blue , White,,
Petoskey St Michael Academy,Guardians,Purple , Gold,,
Pewamo-Westphalia,Pirates,Blue , Gold,,
Pickford,Panthers,Purple , White,,
Pinckney,Pirates,Red,Black,White,
Pinconning,Spartans,Green , White,,
Pittsford,Wildcats,Blue , White,,
Plainwell,Trojans,Royal Blue , White,,
Plymouth,Wildcats,Black , Silver,,
Plymouth Christian Academy,Eagles,Purple,Gold,,
Pontiac,Phoenix,Purple,Black,Silver,
Pontiac Academy for Excellence,Eagles,Burgundy,Gold,Black,
Pontiac Arts & Technology Academy,Lions,Blue , Gold,,
Pontiac Notre Dame Prep,Fighting Irish,Forest Green,Vegas Gold,White,
Port Huron,Big Reds,Red , White,,
Port Huron Northern,Huskies,Blue , Gold,,
Portage Central,Mustangs,Blue , Gold,,
Portage Northern,Huskies,Brown , White,,
Portland,Raiders,Cardinal Red , White,,
Portland St Patrick,Shamrocks,Green , White,,
Posen,Vikings,Red , White,,
Potterville,Vikings,Maroon , Gold,,
Powers North Central,Jets,Red,Black,White,
Quincy,Orioles,Black , Orange,,
Rapid River,Rockets,Purple , Gold,,
Ravenna,Bulldogs,Royal Blue , White,,
Reading,Rangers,Red , Gold,,
Redford Thurston,Eagles,Navy Blue , White,,
Redford Union,Panthers,Blue , Gold,,
Redford Westfield Prep,Warriors,Black , Red,,
Reed City,Coyotes,Red , Black,,
Reese,Rockets,Maroon , Gold,,
Remus Chippewa Hills,Warriors,Royal,Red,White,
Republic-Michigamme,Hawks,Orange , Black,,
Richland Gull Lake,Blue Devils,Navy , White,,
Richmond,Blue Devils,Navy,White,Columbia Blue,
River Rouge,Panthers,Maroon , White,,
Riverview,Pirates,Maroon , Gold,,
Riverview Gabriel Richard,Pioneers,Burgundy , White,,
Rochester,Falcons,Royal Blue , White,,
Rochester Adams,Highlanders,Brown , Gold,,
Rochester Hills Lutheran Northwest,Crusaders,Red,White,Black,
Rochester Hills Stoney Creek,Cougars,Navy,Vegas Gold,White,
Rock Mid Peninsula,Wolverines,Orange , White,,
Rockford,Rams,Black , Orange,,
Rogers City,Hurons,Orange , Black,,
Romeo,Bulldogs,Red , White,,
Romulus,Eagles,Maroon , White,,
Romulus Summit Academy North,Dragons,Teal , Black,,
Roscommon,Bucks,Blue , Gold,,
Roseville,Panthers,Red,White,Black,
Royal Oak,Ravens,Black,Royal,Silver,
Royal Oak Shrine Catholic,Knights,Blue , Gold,,
Rudyard,Bulldogs,Orange , Black,,
Saginaw,Trojans,Black , Gold,,
Saginaw Arthur Hill,Lumberjacks,Navy , Gold,,
Saginaw Arts & Sciences Academy,Dragons,Burgundy , Navy,,
Saginaw Heritage,Hawks,Navy Blue , Kelly Green,,
Saginaw Michigan Lutheran Seminary,Cardinals,Red , White,,
Saginaw Nouvel,Panthers,Royal Blue , Silver,,
Saginaw Swan Valley,Vikings,Purple , White,,
Saginaw Valley Lutheran,Chargers,Blue , Gold,,
Salem,Rocks,Royal Blue , White,,
Saline,Hornets,Blue , Gold,,
Sand Creek,Aggies,Green , White,,
Sandusky,Redskins,Red , Black,,
Sanford Meridian,Mustangs,Carolina Blue , White,,
Saranac,Redskins,Red , White,,
Saugatuck,Indians,Royal Blue , Orange,,
Sault Ste Marie,Blue Devils,Navy Blue , White,,
Schoolcraft,Eagles,Purple , Gold,,
Shelby,Tigers,Purple , White,,
Shepherd,Bluejays,Blue , Gold,,
South Haven,Rams,Purple , Gold,,
South Lyon,Lions,Blue , Gold,,
South Lyon East,Cougars,Black , Silver,,
Southfield Arts & Technology,Warriors,Navy,Red,White,
Southfield Bradford Academy,Bulldogs,Red , White,,
Southfield Christian,Eagles,Blue , Gold,,
Southfield Manoogian,Cougars,Navy , Gold,,
Southgate Anderson,Titans,Burgundy , Silver,,
Sparta,Spartans,Royal Blue , White,,
Spring Lake,Lakers,Red , Gray,,
Springport,Spartans,Royal Blue , White,,
St Charles,Bulldogs,Red , Black,,
St Clair,Saints,Scarlet Red , Royal Blue,,
St Clair Shores Lake Shore,Shorians,Red , White,,
St Clair Shores Lakeview,Huskies,Blue , Silver,,
St Clair Shores South Lake,Cavaliers,Royal Blue , Gold,,
St Helen Charlton Heston Academy,Patriots,Red,White,Blue,
St Ignace,Saints,Vegas Gold,Black,White,
St Johns,Redwings,Red , White,,
St Joseph,Bears,Maize , Blue,,
St Joseph Lake Michigan Catholic,Lakers,Royal Blue,Gold,White,
St Joseph Michigan Lutheran,Titans,Purple , White,,
St Louis,Sharks,Red , Black,,
Standish-Sterling,Panthers,Blue,White,Gold,
Starr Albion Prep,Wildcats,Black , Red,,
Stephenson,Eagles,Royal Blue , Gold,,
Sterling Heights,Stallions,Black , Gold,,
Sterling Heights Parkway Christian,Eagles,Royal Blue,Red,White,
Sterling Heights Stevenson,Titans,Navy Blue , White,,
Stevensville Lakeshore,Lancers,Red , White,,
Stockbridge,Panthers,Orange , Black,,
Sturgis,Trojans,Orange , Black,,
Suttons Bay,Norsemen,Red , White,,
Swartz Creek,Dragons,Red , White,,
Swartz Creek Valley School,Gators,Green , Black,,
Tawas,Braves,Red , White,,
Taylor,Griffins,Black , Gold,,
Taylor Prep,Tigers,Orange , Black,,
Taylor Trillium Academy,Wildcats,Royal Blue,White,Silver,
Tecumseh,Indians,Orange , Black,,
Tekonsha,Indians,Red , White,,
Temperance Bedford,Kicking Mules,Scarlet , Gray,,
The Leelanau School,Thunderbirds,Green , White(sand),,
Three Oaks River Valley,Mustangs,Navy , White,,
Three Rivers,Wildcats,Purple , White,,
Traverse City Central,Trojans,Black , Gold,,
Traverse City Christian,Sabres,Maroon,White,Black,
Traverse City St Francis,Gladiators,Navy , Vegas Gold,,
Traverse City West,Titans,Forest Green , Vegas Gold,,
Trenton,Trojans,Blue , Gold,,
Troy,Colts,Black , Silver,,
White Pigeon,Chiefs,Red , Black,,
Whitehall,Vikings,Red,White,Black,
Whitmore Lake,Trojans,Red , White,,
Whittemore-Prescott,Cardinals,Red , White,,
Williamston,Hornets,Green , White,,
Wixom St Catherine,Stars,Purple , Gold,,
Wolverine,Wildcats,Navy Blue , Gold,,
Wyandotte Roosevelt,Bears,Blue , Gold,,
Wyoming,Wolves,Black , Purple,,
Wyoming Godwin Heights,Wolverines,Navy , Gold,,
Wyoming Kelloggsville,Rockets,Navy , Orange,,
Wyoming Lee,Legends,Navy Blue , Vegas Gold,,
Wyoming Potter's House Christian,Pumas,Navy , White,,
Wyoming Tri-unity Christian,Defenders,Royal Blue , White,,
Wyoming West Michigan Lutheran,Mustangs,Navy , White,,
Yale,Bulldogs,Navy , White,,
Ypsilanti Arbor Prep,Gators,Green , White,,
Ypsilanti Community,Grizzlies,Black , Vegas Gold,,
Ypsilanti Lincoln,Railsplitters,Blue , Grey,,
Zeeland East,Chix,Brown , Gold,,
Zeeland West,Dux,Forest Green , Vegas Gold,,
